#usda 1.0
(
    defaultPrim = "pen"
    metersPerUnit = 1
    upAxis = "Z"
    doc = "Generated by fanuc_lrmate200id_smc/twin/crop_object.py from a photogrammetry scan."
)

def Xform "pen" (
    prepend apiSchemas = ["PhysicsRigidBodyAPI", "PhysicsMassAPI"]
)
{
    float physics:mass = 0.015
    def Scope "Looks"
    {
        def Material "scan"
        {
            token outputs:surface.connect = </pen/Looks/scan/Shader.outputs:surface>
            def Shader "Shader"
            {
                uniform token info:id = "UsdPreviewSurface"
                color3f inputs:diffuseColor.connect = </pen/Looks/scan/tex.outputs:rgb>
                float inputs:roughness = 0.6
                token outputs:surface
            }
            def Shader "st"
            {
                uniform token info:id = "UsdPrimvarReader_float2"
                string inputs:varname = "st"
                float2 outputs:result
            }
            def Shader "tex"
            {
                uniform token info:id = "UsdUVTexture"
                asset inputs:file = @./pen_diffuse.jpg@
                float2 inputs:st.connect = </pen/Looks/scan/st.outputs:result>
                token inputs:sourceColorSpace = "sRGB"
                float3 outputs:rgb
            }
        }
        def Material "physics" (
            prepend apiSchemas = ["PhysicsMaterialAPI"]
        )
        {
            float physics:staticFriction = 0.8
            float physics:dynamicFriction = 0.8
            float physics:restitution = 0
        }
    }
    def Mesh "visual" (
        prepend apiSchemas = ["MaterialBindingAPI"]
    )
    {
        float3[] extent = [(-0.0620756625, -0.00833899338, 0.0020258734), (0.0620756625, 0.00833899338, 0.0134419756)]
        int[] faceVertexCounts = [3, 3, 3, 3, 3, 3, 3, 3, 3, 3, 3, 3, 3, 3, 3, 3, 3, 3, 3, 3, 3, 3, 3, 3, 3, 3, 3, 3, 3, 3, 3, 3, 3, 3, 3, 3, 3, 3, 3, 3, 3, 3, 3, 3, 3, 3, 3, 3, 3, 3, 3, 3, 3, 3, 3, 3, 3, 3, 3, 3, 3, 3, 3, 3, 3, 3, 3, 3, 3, 3, 3, 3, 3, 3, 3, 3, 3, 3, 3, 3, 3, 3, 3, 3, 3, 3, 3, 3, 3, 3, 3, 3, 3, 3, 3, 3, 3, 3, 3, 3, 3, 3, 3, 3, 3, 3, 3, 3, 3, 3, 3, 3, 3, 3, 3, 3, 3, 3, 3, 3, 3, 3, 3, 3, 3, 3, 3, 3, 3, 3, 3, 3, 3, 3, 3, 3, 3, 3, 3, 3, 3, 3, 3, 3, 3, 3, 3, 3, 3, 3, 3, 3, 3, 3, 3, 3, 3, 3, 3, 3, 3, 3, 3, 3, 3, 3, 3, 3, 3, 3, 3, 3, 3, 3, 3, 3, 3, 3, 3, 3, 3, 3, 3, 3, 3, 3, 3, 3, 3, 3, 3, 3, 3, 3, 3, 3, 3, 3, 3, 3, 3, 3, 3, 3, 3, 3, 3, 3, 3, 3, 3, 3, 3, 3, 3, 3, 3, 3, 3, 3, 3, 3, 3, 3, 3, 3, 3, 3, 3, 3, 3, 3, 3, 3, 3, 3, 3, 3, 3, 3, 3, 3, 3, 3, 3, 3, 3, 3, 3, 3, 3, 3, 3, 3, 3, 3, 3, 3, 3, 3, 3, 3, 3, 3, 3, 3, 3, 3, 3, 3, 3, 3, 3, 3, 3, 3, 3, 3, 3, 3, 3, 3, 3, 3, 3, 3, 3, 3, 3, 3, 3, 3, 3, 3, 3, 3, 3, 3, 3, 3, 3, 3, 3, 3, 3, 3, 3, 3, 3, 3, 3, 3, 3, 3, 3, 3, 3, 3, 3, 3, 3, 3, 3, 3, 3, 3, 3, 3, 3, 3, 3, 3, 3, 3, 3, 3, 3, 3, 3, 3, 3, 3, 3, 3, 3, 3, 3, 3, 3, 3, 3, 3, 3, 3, 3, 3, 3, 3, 3, 3, 3, 3, 3, 3, 3, 3, 3, 3, 3, 3, 3, 3, 3, 3, 3, 3, 3, 3, 3, 3, 3, 3, 3, 3, 3, 3, 3, 3, 3, 3, 3, 3, 3, 3, 3, 3, 3, 3, 3, 3, 3, 3, 3, 3, 3, 3, 3, 3, 3, 3, 3, 3, 3, 3, 3, 3, 3, 3, 3, 3, 3, 3, 3, 3, 3, 3, 3, 3, 3, 3, 3, 3, 3, 3, 3, 3, 3, 3, 3, 3, 3, 3, 3, 3, 3, 3, 3, 3, 3, 3, 3, 3, 3, 3, 3, 3, 3, 3, 3, 3, 3, 3, 3, 3, 3, 3, 3, 3, 3, 3, 3, 3, 3, 3, 3, 3, 3, 3, 3, 3, 3, 3, 3, 3, 3, 3, 3, 3, 3, 3, 3, 3, 3, 3, 3, 3, 3, 3, 3, 3, 3, 3, 3, 3, 3, 3, 3, 3, 3, 3, 3, 3, 3, 3, 3, 3, 3, 3, 3, 3, 3, 3, 3, 3, 3, 3, 3, 3, 3, 3, 3, 3, 3, 3, 3, 3, 3, 3, 3, 3, 3, 3, 3, 3, 3, 3, 3, 3, 3, 3, 3, 3, 3, 3, 3, 3, 3, 3, 3, 3, 3, 3, 3, 3, 3, 3, 3, 3, 3, 3, 3, 3, 3, 3, 3, 3, 3, 3, 3, 3, 3, 3, 3, 3, 3, 3, 3, 3, 3, 3, 3, 3, 3, 3, 3, 3, 3, 3, 3, 3, 3, 3, 3, 3, 3, 3, 3, 3, 3, 3, 3, 3, 3, 3, 3, 3, 3, 3, 3, 3, 3, 3, 3, 3, 3, 3, 3, 3, 3, 3, 3, 3, 3, 3, 3, 3, 3, 3, 3, 3, 3, 3, 3, 3, 3, 3, 3, 3, 3, 3, 3, 3, 3, 3, 3, 3, 3, 3, 3, 3, 3, 3, 3, 3, 3, 3, 3, 3, 3, 3, 3, 3, 3, 3, 3, 3, 3, 3, 3, 3, 3, 3, 3, 3, 3, 3, 3, 3, 3, 3, 3, 3, 3, 3, 3, 3, 3, 3, 3, 3, 3, 3, 3, 3, 3, 3, 3, 3, 3, 3, 3, 3, 3, 3, 3, 3, 3, 3, 3, 3, 3, 3, 3, 3, 3, 3, 3, 3, 3, 3, 3, 3, 3, 3, 3, 3, 3, 3, 3, 3, 3, 3, 3, 3, 3, 3, 3, 3, 3, 3, 3, 3, 3, 3, 3, 3, 3, 3, 3, 3, 3, 3, 3, 3, 3, 3, 3, 3, 3, 3, 3, 3, 3, 3, 3, 3, 3, 3, 3, 3, 3, 3, 3, 3, 3, 3, 3, 3, 3, 3, 3, 3, 3, 3, 3, 3, 3, 3, 3, 3, 3, 3, 3, 3, 3, 3, 3, 3, 3, 3, 3, 3, 3, 3, 3, 3, 3, 3, 3, 3, 3, 3, 3, 3, 3, 3, 3, 3, 3, 3, 3, 3, 3, 3, 3, 3, 3, 3, 3, 3, 3, 3, 3, 3, 3, 3, 3, 3, 3, 3, 3, 3, 3, 3, 3, 3, 3, 3, 3, 3, 3, 3, 3, 3, 3, 3, 3, 3, 3, 3, 3, 3, 3, 3, 3, 3, 3, 3, 3, 3, 3, 3, 3, 3, 3, 3, 3, 3, 3, 3, 3, 3, 3, 3, 3, 3, 3, 3, 3, 3, 3, 3, 3, 3, 3, 3, 3, 3, 3, 3, 3, 3, 3, 3, 3, 3, 3, 3, 3, 3, 3, 3, 3, 3, 3, 3, 3, 3, 3, 3, 3, 3, 3, 3, 3, 3, 3, 3, 3, 3, 3, 3, 3, 3, 3, 3, 3, 3, 3, 3, 3, 3, 3, 3, 3, 3, 3, 3, 3, 3, 3, 3, 3, 3, 3, 3, 3, 3, 3, 3, 3, 3, 3, 3, 3, 3, 3, 3, 3, 3, 3, 3, 3, 3, 3, 3, 3, 3, 3, 3, 3, 3, 3, 3, 3, 3, 3, 3, 3, 3, 3, 3, 3, 3, 3, 3, 3, 3, 3, 3, 3, 3, 3, 3, 3, 3, 3, 3, 3, 3, 3, 3, 3, 3, 3, 3, 3, 3, 3, 3, 3, 3, 3, 3, 3, 3, 3, 3, 3, 3, 3, 3, 3, 3, 3, 3, 3, 3, 3, 3, 3, 3, 3, 3, 3, 3, 3, 3, 3, 3, 3, 3, 3, 3, 3, 3, 3, 3, 3, 3, 3, 3, 3, 3, 3, 3, 3, 3, 3, 3, 3, 3, 3, 3, 3, 3, 3, 3, 3, 3, 3, 3, 3, 3, 3, 3, 3, 3, 3, 3, 3, 3, 3, 3, 3, 3, 3, 3, 3, 3, 3, 3, 3, 3, 3, 3, 3, 3, 3, 3, 3, 3, 3, 3, 3, 3, 3, 3, 3, 3, 3, 3, 3, 3, 3, 3, 3, 3, 3, 3, 3, 3, 3, 3, 3, 3, 3, 3, 3, 3, 3, 3, 3, 3, 3, 3, 3, 3, 3, 3, 3, 3, 3, 3, 3, 3, 3, 3, 3, 3, 3, 3, 3, 3, 3, 3, 3, 3, 3, 3, 3, 3, 3, 3, 3, 3, 3, 3, 3, 3, 3, 3, 3, 3, 3, 3, 3, 3, 3, 3, 3, 3, 3, 3, 3, 3, 3, 3, 3, 3, 3, 3, 3, 3, 3, 3, 3, 3, 3, 3, 3, 3, 3, 3, 3, 3, 3, 3, 3, 3, 3, 3, 3, 3, 3, 3, 3, 3, 3, 3, 3, 3, 3, 3, 3, 3, 3, 3, 3, 3, 3, 3, 3, 3, 3, 3, 3, 3, 3, 3, 3, 3, 3, 3, 3, 3, 3, 3, 3, 3, 3, 3, 3, 3, 3, 3, 3, 3, 3, 3, 3, 3, 3, 3, 3, 3, 3, 3, 3, 3, 3, 3, 3, 3, 3, 3, 3, 3, 3, 3, 3, 3, 3, 3, 3, 3, 3, 3, 3, 3, 3, 3, 3, 3, 3, 3, 3, 3, 3, 3, 3, 3, 3, 3, 3, 3, 3, 3, 3, 3, 3, 3, 3, 3, 3, 3, 3, 3, 3, 3, 3, 3, 3, 3, 3, 3, 3, 3, 3, 3, 3, 3, 3, 3, 3, 3, 3, 3, 3, 3, 3, 3, 3, 3, 3, 3, 3, 3, 3, 3, 3, 3, 3, 3, 3, 3, 3, 3, 3, 3, 3, 3, 3, 3, 3, 3, 3, 3, 3, 3, 3, 3, 3, 3, 3, 3, 3, 3, 3, 3, 3, 3, 3, 3, 3, 3, 3, 3, 3, 3, 3, 3, 3, 3, 3, 3, 3, 3, 3, 3, 3, 3, 3, 3, 3, 3, 3, 3, 3, 3, 3, 3, 3, 3, 3, 3, 3, 3, 3, 3, 3, 3, 3, 3, 3, 3, 3, 3, 3, 3, 3, 3, 3, 3, 3, 3, 3, 3, 3, 3, 3, 3, 3, 3, 3, 3, 3, 3, 3, 3, 3, 3, 3, 3, 3, 3, 3, 3, 3, 3, 3, 3, 3, 3, 3, 3, 3, 3, 3, 3, 3, 3, 3, 3, 3, 3, 3, 3, 3, 3, 3, 3, 3, 3, 3, 3, 3, 3, 3, 3, 3, 3, 3, 3, 3, 3, 3, 3, 3, 3, 3, 3, 3, 3, 3, 3, 3, 3, 3, 3, 3, 3, 3, 3, 3, 3, 3, 3, 3, 3, 3, 3, 3, 3, 3, 3, 3, 3, 3, 3, 3, 3, 3, 3, 3, 3, 3, 3, 3, 3, 3, 3, 3, 3, 3, 3, 3, 3, 3, 3, 3, 3, 3, 3, 3, 3, 3, 3, 3, 3, 3, 3, 3, 3, 3, 3, 3, 3, 3, 3, 3, 3, 3, 3, 3, 3, 3, 3, 3, 3, 3, 3, 3, 3, 3, 3, 3, 3, 3, 3, 3, 3, 3, 3, 3, 3, 3, 3, 3, 3, 3, 3, 3, 3, 3, 3, 3, 3, 3, 3, 3, 3, 3, 3, 3, 3, 3, 3, 3, 3, 3, 3, 3, 3, 3, 3, 3, 3, 3, 3, 3, 3, 3, 3, 3, 3, 3, 3, 3, 3, 3, 3, 3, 3, 3, 3, 3, 3, 3, 3, 3, 3, 3, 3, 3, 3, 3, 3, 3, 3, 3, 3, 3, 3, 3, 3, 3, 3, 3, 3, 3, 3, 3, 3, 3, 3, 3, 3, 3, 3, 3, 3, 3, 3, 3, 3, 3, 3, 3, 3, 3, 3, 3, 3, 3, 3, 3, 3, 3, 3, 3, 3, 3, 3, 3, 3, 3, 3, 3, 3, 3, 3, 3, 3, 3, 3, 3, 3, 3, 3, 3, 3, 3, 3, 3, 3, 3, 3, 3, 3, 3, 3, 3, 3, 3, 3, 3, 3, 3, 3, 3, 3, 3, 3, 3, 3, 3, 3, 3, 3, 3, 3, 3, 3, 3, 3, 3, 3, 3, 3, 3, 3, 3, 3, 3, 3, 3, 3, 3, 3, 3, 3, 3, 3, 3, 3, 3, 3, 3, 3, 3, 3, 3, 3, 3, 3, 3, 3, 3, 3, 3, 3, 3, 3, 3, 3, 3, 3, 3, 3, 3, 3, 3, 3, 3, 3, 3, 3, 3, 3, 3, 3, 3, 3, 3, 3, 3, 3, 3, 3, 3, 3, 3, 3, 3, 3, 3, 3, 3, 3, 3, 3, 3, 3, 3, 3, 3, 3, 3, 3, 3, 3, 3, 3, 3, 3, 3, 3, 3, 3, 3, 3, 3, 3, 3, 3, 3, 3, 3, 3, 3, 3, 3, 3, 3, 3, 3, 3, 3, 3, 3, 3, 3, 3, 3, 3, 3, 3, 3, 3, 3, 3, 3, 3, 3, 3, 3, 3, 3, 3, 3, 3, 3, 3, 3, 3, 3, 3, 3, 3, 3, 3, 3, 3, 3, 3, 3, 3, 3, 3, 3, 3, 3, 3, 3, 3, 3, 3, 3, 3, 3, 3, 3, 3, 3, 3, 3, 3, 3, 3, 3, 3, 3, 3, 3, 3, 3, 3, 3, 3, 3, 3, 3, 3, 3, 3, 3, 3, 3, 3, 3, 3, 3, 3, 3, 3, 3, 3, 3, 3, 3, 3, 3, 3, 3, 3, 3, 3, 3, 3, 3, 3, 3, 3, 3, 3, 3, 3, 3, 3, 3, 3, 3, 3, 3, 3, 3, 3, 3, 3, 3, 3, 3, 3, 3, 3, 3, 3, 3, 3, 3, 3, 3, 3, 3, 3, 3, 3, 3, 3, 3, 3, 3, 3, 3, 3, 3, 3, 3, 3, 3, 3, 3, 3, 3, 3, 3, 3, 3, 3, 3, 3, 3, 3, 3, 3, 3, 3, 3, 3, 3, 3, 3, 3, 3, 3, 3, 3, 3, 3, 3, 3, 3, 3, 3, 3, 3, 3, 3, 3, 3, 3, 3, 3, 3, 3, 3, 3, 3, 3, 3, 3, 3, 3, 3, 3, 3, 3, 3, 3, 3, 3, 3, 3, 3, 3, 3, 3, 3, 3, 3, 3, 3, 3, 3, 3, 3, 3, 3, 3, 3, 3, 3, 3, 3, 3, 3, 3, 3, 3, 3, 3, 3, 3, 3, 3, 3, 3, 3, 3, 3, 3, 3, 3, 3, 3, 3, 3, 3, 3, 3, 3, 3, 3, 3, 3, 3, 3, 3, 3, 3, 3, 3, 3, 3, 3, 3, 3, 3, 3, 3, 3, 3, 3, 3, 3, 3, 3, 3, 3, 3, 3, 3, 3, 3, 3, 3, 3, 3, 3, 3, 3, 3, 3, 3, 3, 3, 3, 3, 3, 3, 3, 3, 3, 3, 3, 3, 3, 3, 3, 3, 3, 3, 3, 3, 3, 3, 3, 3, 3, 3, 3, 3, 3, 3, 3, 3, 3, 3, 3, 3, 3, 3, 3, 3, 3, 3, 3, 3, 3, 3, 3, 3, 3, 3, 3, 3, 3, 3, 3, 3, 3, 3, 3, 3, 3, 3, 3, 3, 3, 3, 3, 3, 3, 3, 3, 3, 3, 3, 3, 3, 3, 3, 3, 3, 3, 3, 3, 3, 3, 3, 3, 3, 3, 3, 3, 3, 3, 3, 3, 3, 3, 3, 3]
        int[] faceVertexIndices = [0, 1, 2, 3, 4, 5, 6, 7, 8, 9, 10, 11, 12, 13, 14, 15, 16, 17, 12, 18, 13, 19, 20, 21, 22, 23, 24, 25, 26, 27, 28, 29, 30, 31, 32, 33, 34, 35, 36, 18, 12, 37, 38, 39, 40, 41, 42, 43, 44, 45, 46, 37, 47, 18, 48, 34, 36, 49, 50, 51, 17, 16, 52, 53, 40, 54, 37, 55, 47, 56, 57, 58, 59, 60, 61, 62, 63, 64, 65, 66, 67, 68, 69, 49, 71, 72, 73, 44, 75, 76, 77, 78, 79, 80, 81, 82, 83, 84, 85, 45, 86, 46, 87, 88, 77, 90, 91, 92, 93, 94, 95, 42, 96, 43, 97, 98, 99, 85, 84, 100, 101, 36, 102, 103, 17, 104, 105, 106, 107, 52, 104, 17, 108, 25, 27, 39, 109, 110, 57, 111, 112, 68, 49, 9, 15, 17, 103, 113, 114, 115, 106, 116, 107, 42, 117, 96, 50, 118, 51, 45, 44, 76, 119, 120, 121, 122, 123, 124, 125, 126, 78, 127, 128, 129, 130, 96, 117, 131, 132, 90, 133, 52, 16, 65, 67, 134, 133, 135, 52, 136, 137, 11, 88, 138, 77, 131, 139, 132, 142, 143, 119, 144, 5, 145, 144, 146, 5, 148, 149, 150, 151, 152, 153, 154, 92, 155, 156, 157, 84, 128, 158, 129, 32, 154, 155, 159, 160, 161, 154, 90, 92, 101, 162, 48, 163, 67, 164, 165, 64, 63, 166, 42, 41, 167, 168, 169, 92, 33, 155, 170, 171, 172, 66, 65, 173, 92, 91, 33, 90, 174, 91, 175, 161, 160, 166, 117, 42, 73, 72, 176, 177, 178, 179, 180, 156, 181, 182, 11, 183, 182, 136, 11, 184, 170, 172, 185, 34, 48, 13, 186, 187, 188, 189, 190, 191, 192, 193, 22, 194, 195, 196, 197, 198, 125, 78, 77, 196, 199, 197, 200, 201, 167, 45, 76, 202, 45, 202, 203, 126, 125, 204, 178, 205, 179, 206, 207, 208, 13, 187, 14, 209, 210, 211, 212, 157, 156, 22, 195, 23, 90, 213, 131, 214, 215, 141, 180, 212, 156, 216, 217, 218, 169, 219, 200, 220, 221, 222, 5, 223, 3, 224, 225, 226, 227, 199, 196, 228, 229, 230, 224, 226, 231, 206, 208, 232, 222, 233, 106, 64, 234, 235, 86, 45, 203, 167, 169, 200, 204, 236, 237, 238, 57, 56, 220, 222, 106, 76, 75, 239, 213, 90, 154, 50, 49, 240, 184, 172, 241, 231, 226, 242, 243, 105, 244, 244, 105, 245, 246, 247, 248, 249, 136, 250, 252, 121, 120, 253, 213, 154, 256, 257, 173, 258, 259, 260, 109, 261, 110, 262, 263, 264, 176, 265, 73, 266, 267, 268, 175, 269, 270, 271, 272, 135, 244, 245, 273, 86, 203, 274, 250, 275, 249, 276, 277, 278, 145, 5, 279, 280, 274, 203, 193, 281, 282, 167, 283, 168, 284, 167, 201, 263, 262, 285, 284, 283, 167, 286, 287, 288, 289, 286, 288, 179, 180, 177, 290, 8, 291, 267, 292, 268, 139, 293, 132, 294, 288, 287, 12, 14, 37, 172, 171, 295, 133, 296, 135, 140, 214, 141, 297, 263, 285, 298, 299, 233, 280, 53, 300, 263, 297, 301, 8, 7, 81, 127, 302, 303, 229, 228, 305, 211, 162, 209, 307, 81, 7, 211, 308, 162, 307, 82, 81, 296, 271, 135, 180, 179, 309, 176, 72, 19, 310, 117, 311, 312, 313, 314, 293, 315, 316, 317, 318, 319, 320, 321, 322, 323, 324, 283, 268, 325, 326, 325, 268, 292, 244, 327, 243, 328, 329, 330, 176, 19, 21, 331, 332, 278, 323, 333, 334, 256, 173, 65, 335, 336, 337, 264, 263, 301, 338, 339, 340, 310, 311, 342, 343, 344, 217, 345, 31, 346, 343, 347, 344, 348, 298, 233, 204, 125, 236, 349, 330, 329, 351, 352, 232, 290, 6, 8, 239, 353, 338, 332, 276, 278, 354, 355, 77, 356, 179, 205, 125, 77, 355, 28, 357, 358, 323, 359, 360, 356, 309, 179, 345, 32, 31, 361, 362, 311, 3, 223, 363, 364, 271, 296, 182, 183, 365, 366, 7, 6, 357, 367, 358, 128, 127, 303, 283, 324, 168, 260, 368, 369, 49, 69, 370, 371, 372, 373, 374, 55, 37, 360, 334, 333, 376, 377, 378, 366, 380, 307, 282, 281, 381, 134, 344, 382, 235, 62, 64, 285, 334, 360, 371, 384, 372, 189, 385, 386, 387, 388, 322, 353, 50, 240, 211, 389, 390, 387, 373, 388, 211, 391, 389, 392, 345, 346, 289, 272, 393, 394, 395, 396, 366, 307, 7, 397, 98, 47, 289, 288, 272, 184, 241, 398, 399, 354, 138, 397, 47, 374, 310, 130, 117, 400, 352, 351, 401, 24, 330, 403, 404, 315, 405, 159, 406, 410, 110, 261, 359, 323, 283, 282, 413, 191, 414, 327, 244, 282, 191, 193, 55, 374, 47, 345, 418, 32, 420, 140, 417, 77, 138, 354, 289, 393, 421, 244, 273, 414, 335, 422, 336, 241, 423, 398, 239, 118, 50, 330, 424, 328, 247, 427, 248, 376, 428, 429, 424, 330, 430, 431, 376, 429, 432, 433, 434, 261, 436, 437, 253, 154, 438, 440, 269, 175, 353, 239, 50, 359, 283, 284, 340, 442, 443, 298, 348, 444, 148, 445, 446, 298, 444, 448, 423, 241, 449, 394, 396, 450, 451, 452, 453, 454, 261, 437, 455, 175, 160, 455, 440, 175, 456, 423, 449, 457, 405, 406, 237, 236, 458, 148, 459, 445, 460, 265, 176, 307, 461, 82, 76, 377, 202, 32, 418, 154, 462, 463, 269, 27, 464, 465, 420, 417, 383, 99, 98, 298, 358, 367, 466, 111, 57, 467, 468, 469, 470, 438, 154, 418, 256, 471, 257, 472, 124, 473, 325, 180, 181, 474, 422, 335, 243, 220, 105, 475, 399, 476, 477, 82, 461, 308, 185, 48, 478, 269, 440, 80, 82, 479, 48, 162, 308, 281, 231, 480, 394, 450, 481, 482, 483, 484, 182, 365, 136, 376, 202, 377, 365, 250, 136, 387, 322, 321, 479, 485, 80, 376, 431, 202, 486, 487, 488, 387, 371, 373, 269, 478, 462, 211, 390, 489, 449, 241, 486, 473, 490, 491, 492, 493, 494, 495, 496, 497, 188, 95, 189, 459, 62, 445, 347, 382, 344, 498, 499, 111, 489, 185, 308, 131, 293, 139, 247, 468, 470, 501, 359, 284, 367, 357, 337, 502, 503, 504, 51, 9, 49, 378, 340, 443, 21, 505, 176, 506, 472, 473, 507, 189, 95, 508, 509, 510, 300, 511, 260, 512, 513, 514, 475, 354, 399, 389, 512, 514, 515, 382, 347, 125, 355, 516, 298, 98, 397, 517, 285, 360, 348, 233, 518, 519, 108, 27, 520, 521, 522, 523, 492, 494, 524, 378, 443, 243, 525, 526, 243, 527, 525, 528, 297, 285, 529, 530, 531, 532, 483, 482, 533, 315, 293, 534, 365, 535, 536, 537, 521, 538, 539, 540, 541, 1, 542, 543, 539, 544, 338, 76, 239, 505, 460, 176, 545, 503, 502, 459, 546, 547, 540, 539, 543, 461, 307, 380, 51, 10, 9, 397, 299, 298, 310, 342, 548, 548, 342, 530, 549, 550, 551, 536, 521, 554, 434, 451, 555, 231, 281, 193, 335, 2, 1, 516, 556, 458, 431, 429, 38, 557, 558, 559, 557, 560, 558, 364, 473, 491, 563, 523, 494, 564, 110, 410, 342, 531, 530, 566, 494, 567, 479, 82, 477, 505, 568, 460, 507, 569, 189, 414, 570, 327, 559, 572, 573, 312, 538, 313, 456, 449, 486, 575, 444, 348, 465, 519, 27, 576, 577, 535, 578, 579, 450, 580, 497, 215, 368, 260, 511, 582, 530, 529, 377, 338, 340, 583, 584, 585, 545, 34, 586, 396, 578, 450, 203, 40, 280, 404, 403, 505, 236, 516, 458, 118, 10, 51, 587, 588, 410, 61, 589, 590, 591, 592, 248, 593, 508, 510, 573, 594, 559, 510, 595, 593, 596, 321, 320, 597, 476, 598, 541, 335, 1, 599, 600, 601, 535, 577, 534, 602, 505, 403, 603, 590, 589, 600, 604, 601, 494, 566, 563, 502, 35, 34, 605, 604, 606, 338, 377, 76, 607, 608, 609, 610, 558, 600, 612, 613, 368, 558, 596, 600, 53, 614, 300, 521, 537, 615, 617, 227, 196, 603, 453, 618, 97, 99, 619, 389, 514, 390, 620, 292, 267, 543, 278, 277, 459, 547, 62, 621, 301, 297, 241, 172, 622, 540, 313, 538, 237, 458, 623, 189, 624, 385, 625, 626, 627, 610, 600, 599, 528, 621, 297, 534, 577, 467, 443, 305, 113, 439, 317, 319, 61, 590, 59, 142, 372, 628, 594, 557, 559, 607, 530, 608, 142, 628, 143, 501, 284, 201, 629, 630, 631, 632, 633, 606, 608, 631, 630, 634, 518, 221, 206, 352, 108, 635, 632, 636, 637, 579, 578, 53, 280, 40, 624, 639, 385, 475, 476, 597, 640, 131, 213, 630, 609, 608, 62, 547, 413, 620, 177, 292, 641, 642, 504, 376, 378, 524, 582, 608, 530, 605, 606, 633, 206, 108, 519, 644, 277, 645, 635, 636, 638, 635, 633, 632, 646, 59, 647, 648, 649, 6, 177, 180, 325, 34, 545, 502, 367, 337, 617, 582, 80, 608, 495, 497, 395, 439, 650, 317, 651, 652, 639, 653, 349, 654, 655, 108, 400, 613, 369, 368, 108, 352, 400, 558, 321, 596, 656, 657, 491, 428, 443, 113, 658, 480, 231, 377, 340, 378, 634, 575, 518, 659, 660, 25, 661, 662, 663, 177, 325, 292, 658, 231, 664, 665, 666, 667, 668, 570, 414, 599, 601, 669, 513, 670, 667, 656, 671, 657, 524, 443, 428, 626, 625, 672, 222, 518, 233, 222, 221, 518, 669, 601, 673, 594, 573, 674, 642, 641, 675, 673, 601, 604, 556, 662, 623, 676, 456, 677, 456, 679, 677, 610, 599, 669, 529, 531, 362, 634, 221, 220, 591, 680, 592, 681, 677, 679, 502, 504, 642, 313, 585, 314, 135, 272, 288, 407, 411, 682, 527, 327, 503, 261, 587, 410, 533, 403, 315, 203, 431, 40, 261, 454, 587, 333, 323, 360, 683, 674, 684, 488, 681, 679, 523, 563, 273, 646, 647, 685, 686, 687, 688, 689, 135, 288, 690, 685, 691, 649, 692, 6, 642, 675, 35, 503, 327, 570, 693, 257, 694, 59, 695, 647, 696, 695, 697, 227, 617, 698, 699, 411, 412, 700, 483, 532, 701, 654, 641, 177, 620, 703, 450, 331, 704, 513, 667, 150, 705, 67, 163, 597, 706, 707, 701, 522, 654, 597, 707, 475, 698, 422, 227, 529, 362, 291, 666, 665, 708, 372, 384, 628, 709, 673, 604, 14, 374, 37, 710, 480, 711, 605, 709, 604, 701, 641, 712, 642, 35, 502, 200, 501, 201, 713, 714, 640, 393, 715, 421, 518, 575, 348, 594, 674, 683, 431, 38, 40, 57, 238, 467, 716, 413, 547, 380, 366, 717, 613, 705, 163, 150, 718, 513, 238, 534, 467, 379, 552, 719, 631, 608, 80, 271, 393, 272, 641, 654, 675, 705, 218, 67, 674, 673, 709, 721, 722, 658, 659, 25, 655, 710, 711, 625, 475, 723, 354, 271, 715, 393, 313, 724, 585, 697, 725, 696, 501, 200, 726, 641, 504, 712, 676, 423, 456, 189, 569, 624, 692, 366, 6, 456, 486, 679, 613, 163, 369, 488, 679, 486, 645, 277, 483, 713, 727, 714, 556, 623, 458, 728, 715, 271, 566, 463, 729, 717, 366, 692, 681, 731, 677, 555, 451, 453, 264, 350, 732, 473, 296, 506, 150, 667, 666, 395, 497, 580, 734, 735, 659, 226, 736, 242, 253, 737, 213, 738, 350, 264, 737, 640, 213, 533, 293, 640, 703, 178, 177, 739, 605, 633, 514, 740, 390, 327, 527, 243, 143, 741, 119, 161, 742, 159, 743, 721, 658, 723, 355, 354, 625, 711, 672, 153, 439, 158, 187, 744, 14, 427, 591, 248, 738, 745, 746, 666, 708, 747, 662, 661, 623, 359, 501, 360, 743, 658, 664, 555, 453, 748, 296, 133, 506, 640, 363, 713, 749, 750, 751, 675, 654, 349, 335, 752, 474, 718, 514, 513, 612, 753, 613, 293, 131, 640, 364, 296, 473, 738, 754, 350, 331, 450, 579, 594, 683, 542, 755, 739, 633, 756, 730, 757, 758, 759, 577, 350, 754, 304, 635, 755, 633, 577, 759, 467, 360, 501, 760, 273, 668, 414, 249, 275, 762, 651, 763, 764, 718, 740, 514, 613, 218, 705, 483, 277, 484, 603, 748, 453, 635, 765, 755, 766, 694, 257, 767, 428, 113, 285, 517, 528, 14, 299, 374, 364, 491, 657, 752, 335, 541, 360, 760, 517, 560, 321, 558, 659, 655, 734, 662, 556, 174, 743, 242, 411, 770, 624, 569, 772, 743, 411, 671, 728, 657, 591, 427, 773, 242, 736, 682, 688, 774, 686, 299, 14, 744, 108, 655, 25, 775, 264, 301, 101, 48, 36, 740, 489, 390, 777, 723, 475, 778, 779, 780, 781, 488, 487, 783, 528, 517, 504, 570, 668, 214, 396, 580, 610, 669, 572, 753, 218, 613, 411, 242, 682, 241, 487, 486, 364, 657, 728, 610, 572, 558, 370, 680, 591, 584, 583, 786, 364, 728, 271, 253, 438, 279, 737, 253, 279, 125, 516, 236, 728, 671, 715, 120, 119, 741, 611, 265, 787, 780, 235, 778, 75, 118, 239, 775, 738, 264, 788, 789, 790, 791, 553, 792, 572, 669, 573, 400, 793, 655, 714, 800, 602, 4, 640, 737, 787, 643, 611, 802, 717, 692, 763, 803, 764, 804, 772, 411, 363, 640, 4, 805, 692, 649, 806, 694, 807, 808, 707, 706, 421, 706, 597, 805, 802, 692, 809, 294, 810, 467, 759, 498, 202, 431, 203, 180, 309, 212, 542, 811, 594, 734, 655, 812, 813, 516, 355, 775, 745, 738, 68, 817, 680, 669, 673, 674, 672, 818, 819, 53, 54, 110, 53, 110, 564, 796, 97, 619, 798, 549, 551, 706, 421, 808, 744, 187, 820, 820, 116, 744, 380, 717, 461, 821, 790, 822, 823, 406, 824, 825, 455, 160, 796, 826, 797, 827, 809, 810, 828, 525, 527, 829, 53, 564, 741, 143, 466, 796, 619, 826, 812, 655, 793, 397, 374, 299, 603, 618, 697, 4, 737, 279, 797, 826, 830, 165, 831, 64, 422, 159, 742, 536, 194, 537, 824, 406, 474, 714, 602, 403, 669, 674, 573, 697, 695, 603, 22, 537, 194, 720, 89, 79, 621, 775, 301, 714, 403, 533, 612, 368, 511, 763, 651, 833, 265, 460, 787, 174, 556, 516, 766, 257, 471, 699, 772, 804, 352, 206, 232, 813, 174, 516, 578, 214, 140, 576, 758, 577, 821, 822, 834, 775, 621, 190, 750, 835, 836, 461, 717, 802, 709, 684, 674, 363, 4, 3, 421, 715, 808, 405, 160, 159, 830, 837, 797, 745, 775, 190, 836, 778, 750, 816, 837, 830, 586, 527, 503, 787, 838, 643, 758, 839, 759, 461, 802, 840, 841, 842, 843, 758, 576, 118, 527, 844, 828, 845, 846, 847, 527, 586, 844, 848, 772, 699, 401, 537, 22, 723, 813, 355, 405, 825, 160, 849, 840, 802, 823, 824, 752, 748, 603, 589, 306, 341, 850, 637, 420, 383, 758, 118, 75, 448, 826, 619, 614, 511, 300, 289, 598, 851, 234, 750, 778, 474, 406, 422, 102, 424, 853, 102, 328, 424, 854, 759, 839, 855, 856, 857, 831, 165, 858, 859, 860, 587, 429, 109, 39, 401, 22, 24, 122, 15, 482, 75, 839, 758, 150, 666, 546, 821, 788, 790, 736, 226, 408, 102, 853, 209, 861, 862, 863, 572, 559, 558, 122, 864, 15, 162, 102, 209, 783, 866, 528, 603, 695, 590, 867, 868, 869, 824, 474, 752, 640, 714, 533, 117, 361, 311, 826, 448, 830, 503, 570, 504, 736, 408, 682, 432, 870, 727, 682, 408, 407, 757, 643, 838, 871, 722, 872, 536, 873, 194, 874, 875, 770, 569, 874, 770, 829, 614, 53, 462, 729, 463, 612, 511, 614, 289, 421, 598, 754, 565, 304, 33, 174, 813, 876, 869, 877, 738, 878, 754, 830, 448, 879, 864, 122, 124, 725, 861, 863, 363, 880, 713, 81, 582, 529, 33, 91, 174, 178, 356, 205, 878, 738, 746, 432, 880, 363, 574, 850, 341, 818, 881, 819, 727, 713, 880, 429, 767, 109, 833, 399, 763, 685, 178, 703, 880, 432, 727, 864, 124, 472, 856, 882, 857, 140, 420, 578, 547, 546, 747, 787, 460, 883, 694, 766, 807, 628, 466, 143, 306, 884, 687, 39, 110, 54, 432, 363, 223, 884, 306, 850, 2, 357, 885, 223, 433, 432, 886, 887, 859, 888, 889, 890, 891, 892, 771, 893, 808, 894, 683, 684, 895, 432, 434, 870, 838, 787, 896, 477, 461, 840, 843, 614, 829, 477, 840, 897, 898, 872, 721, 621, 528, 866, 716, 547, 747, 899, 895, 684, 887, 900, 860, 174, 132, 662, 464, 901, 309, 467, 498, 111, 902, 847, 903, 726, 904, 905, 290, 361, 906, 907, 847, 902, 421, 597, 598, 11, 68, 9, 191, 716, 747, 888, 268, 889, 840, 849, 897, 909, 151, 509, 816, 830, 910, 361, 290, 291, 911, 294, 912, 913, 793, 351, 877, 869, 868, 879, 910, 830, 829, 841, 843, 877, 868, 914, 743, 230, 721, 857, 726, 905, 850, 574, 917, 298, 448, 99, 448, 619, 99, 857, 882, 726, 43, 96, 892, 918, 721, 230, 428, 767, 429, 845, 847, 919, 919, 847, 907, 472, 506, 864, 709, 605, 739, 349, 537, 401, 871, 480, 658, 401, 330, 920, 436, 799, 852, 889, 921, 890, 349, 401, 920, 273, 563, 922, 90, 132, 174, 707, 808, 777, 867, 925, 868, 788, 275, 789, 699, 804, 411, 907, 902, 926, 612, 614, 843, 927, 928, 906, 537, 349, 653, 563, 566, 729, 929, 751, 750, 931, 932, 933, 639, 934, 651, 815, 816, 935, 596, 924, 600, 920, 330, 349, 887, 860, 859, 153, 158, 936, 816, 910, 935, 100, 166, 41, 937, 838, 896, 938, 723, 777, 871, 658, 722, 376, 524, 428, 447, 939, 930, 757, 838, 933, 814, 815, 935, 275, 788, 940, 86, 498, 759, 624, 934, 639, 684, 709, 739, 941, 939, 571, 447, 571, 939, 793, 400, 351, 814, 246, 251, 337, 357, 2, 496, 495, 852, 931, 942, 932, 777, 943, 938, 711, 480, 871, 166, 944, 117, 945, 946, 947, 69, 680, 370, 948, 849, 949, 950, 951, 952, 953, 793, 913, 549, 954, 550, 786, 583, 827, 750, 234, 929, 475, 707, 777, 668, 273, 922, 932, 756, 933, 895, 899, 955, 934, 833, 651, 956, 739, 755, 957, 681, 488, 957, 731, 681, 918, 230, 958, 858, 63, 381, 866, 188, 621, 120, 197, 959, 409, 941, 571, 960, 961, 945, 863, 962, 725, 964, 207, 696, 957, 488, 781, 68, 680, 69, 724, 583, 585, 499, 259, 111, 938, 943, 346, 165, 63, 858, 335, 337, 2, 965, 959, 197, 907, 926, 781, 879, 966, 935, 291, 362, 361, 969, 913, 970, 662, 20, 663, 827, 583, 809, 208, 774, 688, 971, 549, 798, 926, 902, 972, 192, 191, 747, 882, 856, 973, 381, 974, 858, 975, 913, 969, 510, 509, 960, 971, 799, 976, 612, 843, 977, 661, 663, 19, 394, 886, 859, 961, 960, 509, 578, 396, 214, 770, 934, 624, 346, 723, 938, 979, 902, 903, 896, 787, 883, 980, 915, 916, 81, 80, 582, 104, 809, 583, 171, 170, 982, 977, 753, 612, 665, 930, 708, 520, 701, 729, 665, 667, 930, 462, 520, 729, 922, 563, 729, 977, 843, 842, 809, 689, 294, 39, 38, 429, 144, 960, 945, 294, 689, 288, 412, 415, 848, 777, 808, 943, 939, 708, 930, 883, 460, 568, 963, 967, 983, 984, 426, 425, 978, 963, 983, 637, 578, 420, 879, 935, 910, 506, 133, 16, 985, 986, 987, 722, 721, 872, 21, 20, 988, 689, 809, 52, 574, 581, 990, 991, 199, 992, 144, 945, 146, 896, 883, 993, 295, 622, 172, 725, 697, 618, 867, 994, 995, 991, 965, 199, 958, 230, 229, 104, 52, 809, 193, 192, 224, 235, 234, 778, 462, 996, 520, 997, 998, 985, 999, 708, 939, 1000, 755, 765, 753, 216, 218, 1001, 208, 687, 381, 281, 1002, 1003, 785, 720, 394, 1004, 886, 701, 922, 729, 1005, 295, 171, 1006, 1007, 1008, 1009, 1010, 998, 879, 468, 966, 1011, 1005, 171, 951, 93, 95, 1012, 1013, 457, 864, 16, 15, 708, 999, 747, 1014, 1015, 1016, 166, 927, 944, 1017, 565, 754, 933, 838, 937, 978, 983, 1018, 933, 937, 1015, 197, 120, 741, 416, 1019, 415, 1021, 415, 1019, 1004, 1022, 886, 861, 453, 862, 532, 482, 15, 983, 967, 1020, 1015, 931, 933, 712, 668, 922, 100, 927, 166, 800, 1023, 602, 132, 316, 662, 20, 662, 316, 947, 1026, 1027, 1028, 525, 828, 1013, 1000, 1029, 950, 1030, 1031, 712, 922, 701, 966, 814, 935, 927, 906, 944, 981, 1032, 419, 992, 1033, 998, 863, 303, 1034, 1028, 1035, 525, 419, 1032, 1036, 1021, 848, 415, 823, 1012, 457, 928, 1037, 1038, 712, 504, 668, 1034, 303, 702, 725, 618, 861, 64, 831, 234, 941, 999, 939, 806, 1030, 694, 929, 234, 831, 198, 197, 741, 842, 1039, 977, 627, 1040, 1041, 337, 698, 617, 842, 1042, 1039, 147, 419, 1043, 754, 878, 652, 1044, 833, 934, 627, 710, 625, 805, 735, 734, 1040, 627, 626, 132, 293, 316, 754, 652, 1017, 1043, 1045, 987, 246, 814, 966, 295, 919, 622, 1016, 1015, 1046, 1027, 1026, 223, 1036, 1043, 419, 906, 117, 944, 790, 789, 1047, 1009, 998, 1033, 183, 11, 10, 1048, 312, 1049, 452, 223, 1026, 453, 861, 618, 770, 1044, 934, 678, 23, 1025, 678, 1050, 23, 259, 1051, 111, 1052, 1050, 678, 867, 1053, 925, 117, 906, 361, 1054, 656, 152, 753, 1039, 216, 66, 882, 973, 16, 864, 506, 950, 1048, 951, 937, 896, 890, 1015, 1014, 931, 1055, 1053, 867, 416, 550, 1019, 232, 208, 1001, 951, 1048, 1049, 1029, 1000, 765, 691, 207, 206, 164, 66, 973, 226, 225, 941, 890, 1015, 937, 1056, 1008, 845, 1057, 562, 561, 226, 941, 409, 1046, 1015, 890, 1055, 867, 995, 409, 408, 226, 146, 945, 947, 224, 192, 225, 1012, 955, 1013, 579, 637, 332, 493, 492, 1009, 208, 688, 687, 757, 730, 643, 1059, 1060, 1061, 685, 703, 60, 1062, 1059, 1061, 410, 841, 564, 1054, 152, 1063, 1055, 1064, 1053, 1065, 1066, 881, 247, 966, 468, 919, 295, 1056, 316, 315, 404, 946, 936, 1067, 999, 941, 192, 146, 947, 1027, 685, 60, 646, 882, 66, 726, 1068, 756, 932, 1039, 753, 977, 1056, 845, 919, 5, 1027, 223, 316, 988, 20, 1001, 687, 884, 146, 1027, 5, 1057, 1052, 562, 984, 987, 1069, 410, 588, 841, 856, 855, 834, 245, 105, 107, 685, 356, 178, 1070, 295, 1005, 757, 933, 756, 1072, 1029, 765, 1070, 1056, 295, 199, 965, 197, 188, 190, 621, 246, 966, 247, 481, 1004, 394, 730, 756, 771, 925, 1053, 1073, 822, 856, 834, 225, 192, 941, 950, 1031, 539, 773, 1074, 1075, 639, 652, 878, 391, 1057, 561, 29, 384, 371, 1076, 381, 1002, 898, 721, 918, 1008, 1056, 1006, 1077, 771, 756, 332, 331, 579, 992, 199, 1078, 747, 999, 192, 825, 457, 455, 425, 987, 984, 223, 452, 451, 992, 1078, 1033, 190, 386, 745, 539, 1031, 544, 1058, 513, 512, 671, 656, 1054, 286, 294, 287, 457, 1013, 1079, 954, 1019, 550, 790, 1047, 1080, 696, 207, 647, 336, 698, 337, 316, 404, 988, 647, 695, 696, 552, 553, 791, 207, 691, 647, 513, 1058, 670, 622, 487, 241, 223, 451, 433, 425, 147, 1043, 100, 157, 1082, 451, 434, 433, 1082, 927, 100, 884, 850, 970, 1083, 1084, 800, 800, 1085, 888, 1016, 1086, 1014, 800, 1084, 1085, 856, 822, 790, 785, 1089, 782, 212, 1082, 157, 538, 950, 539, 505, 21, 988, 1087, 1090, 1088, 343, 217, 216, 276, 484, 277, 1087, 1081, 1091, 538, 1048, 950, 232, 1001, 351, 1002, 281, 710, 220, 106, 105, 739, 899, 684, 762, 616, 1071, 795, 782, 1089, 587, 860, 588, 1060, 1059, 1051, 1014, 942, 931, 899, 956, 955, 560, 1092, 1093, 246, 592, 251, 560, 1093, 1094, 898, 958, 442, 1014, 1086, 942, 60, 59, 646, 807, 766, 1095, 312, 1048, 538, 970, 850, 917, 936, 151, 153, 848, 699, 412, 425, 1043, 987, 990, 917, 574, 1049, 93, 951, 254, 251, 592, 833, 1044, 598, 942, 1068, 932, 833, 598, 476, 29, 628, 384, 1035, 750, 749, 877, 185, 876, 936, 946, 151, 1035, 835, 750, 387, 29, 371, 224, 231, 193, 900, 588, 860, 282, 381, 63, 1096, 900, 887, 492, 523, 1097, 1098, 769, 1099, 734, 1100, 805, 1101, 887, 886, 1102, 552, 791, 1065, 240, 1066, 942, 1103, 1068, 961, 151, 946, 988, 404, 505, 1017, 1104, 565, 997, 985, 1045, 685, 647, 691, 66, 173, 1105, 1043, 1036, 1045, 289, 851, 286, 78, 785, 1003, 899, 739, 956, 59, 590, 695, 276, 332, 484, 1069, 987, 986, 622, 919, 487, 871, 672, 711, 1096, 887, 1101, 1106, 973, 1062, 216, 347, 343, 94, 93, 1107, 332, 719, 484, 848, 1021, 1108, 969, 970, 917, 383, 379, 719, 484, 719, 123, 29, 387, 1109, 833, 476, 399, 509, 151, 961, 1049, 1110, 93, 725, 962, 964, 489, 876, 185, 1111, 807, 1112, 1113, 886, 1022, 919, 907, 487, 1114, 1113, 1022, 493, 1009, 1033, 56, 275, 250, 1062, 1061, 1106, 865, 962, 1034, 1115, 216, 1039, 493, 1033, 1078, 243, 526, 220, 714, 1083, 800, 913, 1001, 884, 356, 464, 309, 1107, 93, 1110, 107, 523, 273, 312, 1110, 1049, 312, 314, 1110, 126, 785, 78, 1116, 1098, 324, 1082, 928, 927, 94, 1107, 584, 585, 1107, 1110, 1042, 1096, 1039, 245, 107, 273, 584, 1107, 585, 585, 1110, 314, 324, 1098, 168, 189, 386, 190, 994, 869, 876, 990, 969, 917, 990, 1007, 969, 29, 358, 628, 1115, 347, 216, 1112, 807, 1095, 1102, 719, 552, 515, 347, 1115, 487, 907, 781, 913, 884, 970, 564, 841, 829, 124, 490, 473, 1034, 962, 863, 727, 1083, 714, 1029, 1079, 1013, 386, 385, 745, 351, 1001, 913, 745, 385, 746, 1117, 1072, 1118, 1068, 1077, 756, 1114, 1119, 1113, 1120, 1021, 1019, 808, 715, 894, 541, 542, 683, 254, 592, 255, 484, 123, 482, 1100, 812, 953, 1121, 1106, 1061, 324, 1122, 1116, 962, 208, 964, 876, 489, 740, 471, 1095, 766, 984, 435, 426, 334, 1122, 324, 281, 480, 710, 1077, 891, 771, 382, 515, 1123, 1124, 0, 885, 638, 500, 1117, 541, 683, 895, 1106, 164, 973, 1010, 1009, 1125, 58, 275, 56, 1126, 1123, 1119, 873, 1127, 194, 1004, 1128, 1022, 1123, 1126, 382, 1105, 501, 726, 208, 962, 774, 1126, 1095, 471, 734, 812, 1100, 29, 1109, 30, 955, 755, 1000, 955, 956, 755, 996, 462, 478, 1069, 435, 984, 1073, 1035, 1028, 481, 1128, 1004, 639, 878, 746, 481, 1129, 1128, 248, 592, 246, 1013, 955, 1000, 507, 1130, 569, 1009, 492, 1125, 1131, 95, 94, 639, 746, 385, 507, 95, 1131, 507, 1131, 1132, 1124, 1092, 0, 1097, 1125, 492, 507, 1132, 1130, 1130, 1132, 1133, 323, 334, 324, 94, 1134, 1131, 94, 584, 1134, 1131, 1134, 1132, 871, 818, 672, 1130, 1133, 1135, 895, 1012, 823, 978, 1136, 581, 671, 894, 715, 584, 786, 1134, 1103, 1077, 1068, 1103, 891, 1077, 1134, 1133, 1132, 1133, 1134, 786, 1133, 786, 827, 906, 928, 1137, 1133, 827, 1135, 57, 112, 58, 846, 845, 1008, 1138, 505, 602, 1139, 929, 831, 1130, 874, 569, 1096, 1115, 1039, 255, 680, 1081, 831, 858, 1139, 912, 874, 911, 875, 874, 912, 1073, 835, 1035, 805, 1140, 949, 810, 911, 827, 680, 255, 592, 874, 1130, 1135, 911, 874, 1135, 875, 1141, 770, 1137, 290, 906, 911, 1135, 827, 568, 505, 1138, 440, 1142, 478, 1138, 1143, 568, 690, 464, 356, 1101, 1115, 1096, 1136, 990, 581, 1125, 1097, 820, 690, 465, 464, 1144, 626, 1075, 478, 536, 554, 1101, 515, 1115, 691, 465, 690, 764, 1145, 1104, 275, 1146, 789, 1147, 974, 381, 891, 43, 892, 818, 871, 872, 893, 1148, 808, 356, 685, 690, 1129, 1149, 1128, 1148, 943, 808, 43, 891, 41, 1105, 760, 501, 1073, 1053, 835, 1042, 588, 900, 894, 1148, 893, 1007, 846, 1008, 1072, 1117, 1127, 806, 807, 1111, 1127, 1117, 194, 964, 696, 725, 1114, 1150, 1119, 648, 290, 1137, 115, 1019, 954, 895, 955, 1012, 971, 954, 549, 526, 634, 220, 58, 1146, 275, 126, 1089, 785, 762, 788, 794, 1112, 1095, 1151, 161, 1152, 1153, 888, 1085, 268, 810, 294, 911, 841, 588, 842, 1100, 1140, 805, 369, 163, 1106, 946, 945, 961, 974, 1139, 858, 1121, 369, 1106, 749, 1154, 575, 126, 204, 1089, 1042, 842, 588, 186, 441, 402, 1047, 789, 1146, 1155, 1111, 1112, 1136, 978, 1018, 26, 25, 1156, 1091, 1090, 1087, 29, 28, 358, 1106, 163, 164, 891, 83, 41, 1064, 835, 1053, 28, 30, 1109, 1157, 865, 832, 1091, 1158, 1090, 652, 651, 1017, 1159, 768, 733, 1159, 733, 794, 1070, 948, 949, 918, 958, 898, 1064, 836, 835, 1138, 602, 1143, 799, 436, 976, 1060, 1051, 259, 6, 290, 648, 519, 465, 691, 1160, 1161, 751, 1071, 1088, 137, 1088, 1090, 137, 519, 691, 206, 1162, 834, 855, 494, 493, 567, 855, 1163, 1162, 912, 1141, 875, 454, 437, 395, 762, 1071, 137, 395, 437, 495, 817, 1081, 680, 1121, 1061, 1060, 346, 813, 723, 1164, 1165, 1155, 832, 686, 1166, 33, 813, 346, 455, 457, 1142, 1070, 949, 1140, 1167, 1164, 1155, 1167, 704, 1164, 783, 517, 760, 986, 435, 1069, 112, 1146, 58, 593, 392, 1148, 943, 1148, 392, 1028, 828, 925, 817, 1091, 1081, 923, 792, 70, 392, 346, 943, 872, 881, 818, 1141, 1044, 770, 1158, 1091, 817, 1092, 1168, 0, 457, 1079, 1169, 122, 482, 123, 952, 783, 1170, 595, 392, 593, 1160, 1041, 1161, 1105, 1171, 760, 900, 1096, 1042, 275, 940, 762, 626, 672, 819, 258, 1060, 259, 914, 828, 844, 268, 1085, 266, 832, 1166, 1157, 1172, 1136, 1018, 1047, 1146, 112, 649, 1173, 735, 1158, 817, 68, 1054, 894, 671, 749, 575, 1035, 1152, 270, 567, 828, 914, 925, 1070, 1006, 1056, 762, 137, 136, 883, 568, 993, 1174, 1155, 1175, 1163, 855, 1176, 309, 1082, 212, 727, 1177, 1083, 11, 1090, 1158, 1104, 1017, 764, 1167, 1149, 704, 1177, 1084, 1083, 66, 1105, 726, 1143, 993, 568, 868, 925, 914, 1178, 1018, 1179, 751, 929, 1160, 560, 1180, 1092, 819, 773, 1075, 1129, 704, 1149, 1181, 929, 1139, 1180, 560, 557, 1179, 1018, 983, 1182, 896, 993, 974, 1147, 1139, 124, 791, 1183, 161, 270, 1152, 1184, 1142, 1169, 925, 1073, 1028, 1055, 779, 1064, 749, 469, 1154, 1185, 846, 1007, 1060, 258, 1121, 1142, 457, 1169, 762, 136, 249, 204, 237, 1089, 68, 11, 1158, 1186, 1099, 1163, 819, 1066, 773, 764, 1017, 651, 659, 1173, 660, 270, 269, 567, 928, 1082, 1037, 1123, 1101, 886, 207, 964, 208, 976, 436, 261, 1123, 886, 1113, 1164, 704, 278, 847, 846, 1172, 1080, 856, 790, 1123, 515, 1101, 231, 242, 664, 1185, 1172, 846, 11, 137, 1090, 752, 541, 895, 258, 260, 1121, 1123, 1113, 1119, 1121, 260, 369, 1172, 1185, 1136, 1180, 557, 594, 762, 940, 788, 1099, 1186, 169, 1181, 1139, 1147, 266, 620, 267, 1030, 806, 1174, 395, 580, 396, 470, 469, 749, 567, 463, 566, 567, 269, 463, 1186, 1163, 1176, 455, 1142, 440, 958, 229, 442, 129, 158, 784, 1167, 1151, 1149, 735, 1173, 659, 1174, 806, 1111, 1075, 626, 819, 1186, 1176, 905, 895, 823, 752, 523, 107, 1097, 1159, 794, 788, 1055, 995, 779, 448, 444, 879, 751, 470, 749, 1177, 1085, 1084, 26, 1037, 1082, 286, 912, 294, 986, 186, 402, 1187, 1085, 1177, 1085, 1187, 266, 1076, 1041, 1188, 1076, 1002, 1041, 1109, 1189, 28, 865, 1157, 962, 1104, 776, 565, 1174, 1111, 1155, 1080, 1047, 1062, 819, 881, 1066, 693, 1105, 173, 1140, 1100, 1190, 1100, 953, 1190, 664, 242, 743, 1089, 237, 795, 1030, 1174, 1031, 990, 1136, 1185, 912, 286, 1141, 1185, 1007, 990, 26, 1082, 309, 823, 457, 406, 1191, 544, 1192, 186, 989, 441, 1140, 1190, 1070, 227, 1078, 199, 586, 503, 545, 957, 781, 926, 973, 856, 1080, 543, 544, 1191, 554, 521, 996, 879, 444, 469, 1141, 286, 851, 1174, 544, 1031, 1054, 1063, 894, 926, 731, 957, 926, 916, 731, 521, 520, 996, 1191, 1192, 278, 1147, 381, 1076, 520, 522, 701, 866, 783, 952, 1023, 1143, 602, 1193, 1187, 1177, 442, 229, 443, 1167, 1155, 1112, 26, 309, 901, 635, 638, 1194, 1143, 1023, 800, 1195, 894, 1063, 1181, 1188, 1160, 305, 443, 229, 1002, 627, 1041, 765, 635, 1194, 34, 1196, 586, 897, 1197, 477, 479, 982, 485, 972, 1198, 926, 638, 1118, 1194, 1182, 993, 1143, 1142, 536, 478, 1191, 278, 543, 26, 1038, 1037, 479, 477, 1197, 693, 1171, 1105, 1143, 800, 888, 971, 798, 799, 1142, 873, 536, 471, 382, 1126, 727, 870, 1177, 742, 161, 1153, 1197, 897, 982, 1175, 1155, 1165, 704, 1129, 481, 1046, 921, 1086, 357, 28, 1189, 1159, 1199, 768, 526, 575, 634, 637, 719, 332, 1198, 916, 926, 1086, 921, 942, 479, 1197, 982, 450, 704, 481, 1153, 1078, 227, 1152, 1078, 1153, 26, 1156, 1038, 1143, 888, 1182, 543, 644, 540, 1161, 1041, 1144, 1074, 1161, 1144, 1094, 1109, 321, 1182, 890, 896, 1200, 313, 540, 490, 124, 1183, 615, 537, 653, 719, 637, 383, 1079, 1029, 1169, 358, 466, 628, 821, 1159, 788, 252, 1036, 1032, 644, 1200, 540, 1172, 1018, 903, 870, 1193, 1177, 638, 1117, 1118, 615, 522, 521, 627, 1002, 710, 821, 1199, 1159, 161, 175, 270, 560, 1094, 321, 1070, 1190, 1006, 1171, 783, 760, 1118, 1072, 1194, 980, 916, 1201, 644, 543, 277, 86, 759, 854, 921, 1202, 942, 454, 859, 587, 735, 805, 649, 950, 952, 1170, 972, 902, 979, 1168, 1092, 1180, 847, 1172, 903, 821, 834, 1199, 885, 357, 1189, 1195, 1148, 894, 1152, 493, 1078, 881, 339, 1065, 1152, 567, 493, 1161, 470, 751, 742, 1153, 227, 620, 266, 1187, 1203, 500, 1025, 921, 1046, 890, 1018, 1178, 903, 1150, 1095, 1126, 996, 478, 554, 112, 1059, 1047, 470, 427, 247, 237, 661, 795, 1196, 34, 185, 1204, 620, 1187, 1063, 909, 1195, 1203, 1117, 500, 46, 86, 854, 862, 1205, 863, 1200, 644, 645, 1076, 1188, 1147, 87, 79, 89, 454, 395, 859, 1156, 1137, 928, 953, 913, 975, 1206, 1045, 1036, 252, 959, 1036, 1189, 1109, 1094, 703, 620, 1204, 1029, 1072, 1169, 881, 872, 898, 1198, 1201, 916, 942, 1202, 1103, 508, 1195, 909, 1075, 1074, 1144, 1198, 972, 1201, 623, 661, 237, 1154, 469, 444, 1184, 1169, 1072, 1074, 470, 1161, 862, 1067, 1205, 1156, 928, 1038, 946, 1067, 862, 888, 890, 1182, 1156, 660, 1137, 525, 1035, 526, 219, 1186, 904, 1188, 1181, 1147, 1003, 720, 79, 1137, 660, 1207, 1074, 427, 470, 1203, 1025, 23, 979, 1201, 972, 1166, 686, 774, 112, 1051, 1059, 495, 437, 852, 437, 436, 852, 1168, 1180, 594, 1119, 1150, 1126, 1202, 326, 1103, 219, 169, 1186, 1183, 791, 792, 953, 812, 793, 851, 598, 1044, 257, 693, 173, 522, 615, 654, 1200, 645, 313, 112, 111, 1051, 1035, 575, 526, 1045, 1206, 991, 741, 367, 198, 195, 1203, 23, 1117, 1203, 195, 877, 1196, 185, 1183, 792, 923, 331, 278, 704, 188, 952, 951, 490, 1183, 650, 648, 1207, 649, 1208, 134, 67, 656, 490, 650, 339, 881, 442, 1062, 1047, 1059, 1011, 897, 849, 975, 1190, 953, 466, 367, 741, 653, 654, 615, 1148, 1195, 508, 1011, 849, 948, 936, 158, 128, 575, 1154, 444, 1178, 1209, 903, 134, 217, 344, 1011, 171, 982, 898, 442, 881, 300, 260, 259, 1171, 693, 694, 499, 300, 259, 1128, 1114, 1022, 703, 1204, 60, 1097, 107, 820, 719, 1102, 791, 648, 1137, 1207, 116, 820, 107, 700, 724, 313, 849, 802, 949, 593, 1148, 508, 1150, 1151, 1095, 811, 1, 1168, 1104, 1145, 776, 1052, 853, 1050, 1114, 1128, 1149, 1188, 1041, 1160, 985, 987, 1045, 274, 300, 499, 1208, 217, 134, 1210, 1114, 1149, 1168, 1, 0, 544, 1174, 1175, 491, 490, 656, 700, 645, 483, 313, 645, 700, 1170, 783, 1171, 975, 969, 1006, 1041, 1040, 1144, 1210, 1151, 1150, 317, 923, 318, 1006, 1190, 975, 427, 1074, 773, 1179, 983, 1020, 1210, 1149, 1151, 71, 801, 795, 1179, 1020, 1211, 1066, 49, 370, 209, 853, 1052, 1114, 1210, 1150, 968, 915, 1211, 968, 1211, 1020, 844, 586, 1196, 430, 23, 1050, 546, 666, 747, 120, 959, 252, 1011, 982, 897, 274, 280, 300, 595, 345, 392, 1062, 973, 1080, 844, 1196, 877, 24, 23, 430, 1167, 1112, 1151, 776, 1145, 1212, 1206, 1036, 959, 591, 773, 370, 772, 848, 743, 949, 802, 805, 1213, 870, 555, 1165, 1192, 1175, 1178, 1179, 1211, 430, 1050, 853, 1192, 1165, 1164, 1206, 965, 991, 1007, 1006, 969, 86, 499, 498, 1178, 1211, 1209, 1011, 948, 1005, 1209, 1211, 915, 1194, 1072, 765, 965, 1206, 959, 218, 1208, 67, 544, 1175, 1192, 1209, 915, 980, 1026, 947, 946, 1171, 694, 1170, 510, 1214, 595, 851, 1044, 1141, 877, 914, 844, 1189, 1094, 1093, 1099, 761, 1215, 859, 395, 1216, 218, 217, 1208, 1183, 923, 317, 278, 1192, 1164, 345, 595, 1214, 353, 240, 1065, 345, 1214, 418, 1213, 1193, 870, 1127, 1184, 1072, 499, 86, 274, 1216, 395, 394, 148, 150, 546, 188, 866, 952, 626, 1144, 1040, 1157, 774, 962, 768, 1215, 761, 979, 903, 1209, 124, 719, 791, 1162, 1215, 768, 1213, 555, 748, 106, 299, 744, 233, 299, 106, 1213, 748, 1193, 215, 497, 496, 116, 106, 744, 148, 546, 459, 1209, 980, 979, 73, 265, 611, 776, 1212, 88, 853, 424, 430, 1157, 1166, 774, 88, 87, 776, 870, 434, 555, 980, 1201, 979, 113, 954, 971, 1142, 1184, 873, 430, 330, 24, 268, 921, 889, 1214, 1217, 418, 123, 719, 124, 855, 857, 1176, 1099, 1215, 1163, 694, 1030, 1170, 862, 452, 1026, 1168, 594, 811, 908, 629, 631, 891, 1103, 83, 268, 1202, 921, 435, 986, 402, 1193, 748, 589, 1181, 1160, 929, 101, 102, 162, 1005, 948, 1070, 268, 326, 1202, 25, 660, 1156, 589, 1187, 1193, 113, 115, 954, 329, 328, 35, 650, 153, 152, 85, 41, 83, 862, 453, 452, 1067, 936, 128, 100, 41, 85, 1030, 950, 1170, 1218, 1052, 1057, 196, 198, 617, 617, 198, 367, 36, 35, 328, 650, 1183, 317, 773, 1066, 370, 485, 631, 80, 1127, 873, 1184, 62, 282, 63, 387, 321, 1109, 631, 485, 184, 62, 413, 282, 104, 583, 724, 1065, 339, 353, 127, 1024, 302, 1218, 209, 1052, 328, 102, 36, 262, 1219, 74, 1066, 240, 49, 795, 72, 71, 1204, 1187, 589, 1063, 152, 909, 901, 27, 26, 340, 339, 442, 700, 532, 724, 152, 151, 909, 859, 1216, 394, 724, 532, 104, 338, 353, 339, 104, 532, 103, 211, 489, 308, 1026, 946, 862, 1010, 986, 985, 1207, 660, 1173, 1093, 1092, 1124, 113, 971, 109, 1162, 768, 1199, 210, 1218, 1057, 40, 39, 54, 103, 532, 15, 879, 469, 468, 997, 1045, 991, 901, 464, 27, 1057, 391, 210, 1189, 1093, 885, 1217, 510, 960, 904, 1186, 905, 1217, 1214, 510, 134, 256, 65, 580, 215, 214, 675, 349, 329, 1205, 128, 303, 675, 329, 35, 1204, 61, 60, 1205, 1067, 128, 485, 982, 170, 867, 869, 994, 863, 1205, 303, 1162, 1199, 834, 170, 184, 485, 1093, 1124, 885, 209, 1218, 210, 211, 210, 391, 542, 1, 811, 650, 439, 153, 1163, 1215, 1162, 471, 256, 382, 134, 382, 256, 649, 1207, 1173, 1176, 857, 905, 52, 135, 689, 191, 413, 716, 67, 66, 164, 61, 1204, 589, 1219, 262, 264, 194, 1117, 195, 508, 909, 509, 181, 326, 325, 512, 389, 391, 535, 365, 183, 227, 422, 742, 997, 991, 992, 976, 109, 971, 406, 159, 422, 908, 631, 184, 72, 795, 661, 336, 422, 698, 1046, 1086, 1016, 95, 188, 951, 398, 908, 184, 803, 1145, 764, 534, 250, 365, 20, 19, 663, 1220, 322, 1221, 109, 976, 261, 1220, 142, 1222, 438, 418, 1217, 405, 457, 825, 535, 183, 10, 803, 1212, 1145, 1103, 326, 83, 803, 88, 1212, 985, 998, 1010, 854, 839, 44, 885, 0, 2, 388, 1221, 322, 149, 446, 994, 72, 661, 19, 326, 84, 83, 995, 994, 446, 854, 44, 46, 372, 1221, 388, 423, 908, 398, 311, 362, 342, 291, 81, 529, 839, 75, 44, 992, 998, 997, 138, 88, 803, 531, 342, 362, 144, 1217, 960, 726, 219, 904, 1223, 656, 650, 8, 81, 291, 84, 157, 100, 373, 372, 388, 230, 743, 848, 726, 200, 219, 1220, 1221, 142, 767, 113, 109, 1098, 1099, 169, 31, 33, 346, 169, 168, 1098, 718, 876, 740, 534, 238, 250, 264, 732, 1219, 155, 33, 32, 445, 780, 446, 130, 892, 96, 121, 981, 1222, 152, 1223, 650, 121, 1222, 119, 187, 186, 986, 145, 1217, 144, 121, 1032, 981, 399, 803, 763, 1222, 142, 119, 399, 138, 803, 228, 230, 1108, 230, 848, 1108, 326, 181, 156, 326, 156, 84, 145, 438, 1217, 152, 656, 1223, 535, 10, 576, 10, 118, 576, 252, 1032, 121, 279, 438, 145, 1108, 1120, 228, 876, 718, 994, 779, 778, 836, 187, 986, 1010, 187, 1010, 1125, 779, 836, 1064, 87, 77, 79, 820, 187, 1125, 1003, 79, 78, 238, 56, 250, 4, 279, 5, 305, 228, 114, 113, 305, 114, 989, 375, 441, 372, 142, 1221, 995, 446, 779, 780, 779, 446, 994, 718, 149, 1120, 1108, 1021, 446, 149, 148, 13, 989, 186, 235, 445, 62, 114, 1120, 1019, 1120, 114, 228, 989, 13, 18, 235, 780, 445, 1019, 115, 114, 718, 150, 149]
        point3f[] points = [(-0.057678459, 3.75074422e-05, 0.0126796527), (-0.0568085628, -0.000977655314, 0.0127001403), (-0.0560019039, 0.000395269811, 0.0128331379), (0.0317815359, -0.000508251291, 0.00873486949), (0.0309322274, -0.000110307349, 0.00848225219), (0.0314000231, -0.00147432845, 0.00880962943), (0.0497319998, 0.00188866975, 0.00558086866), (0.0503004362, 0.00276523025, 0.00518075953), (0.0498849403, 0.00333662384, 0.00525578195), (-0.0154576435, 0.00512926435, 0.00685608578), (-0.0143386589, 0.00441857283, 0.00723305492), (-0.0145636942, 0.00619468632, 0.00628450348), (-0.0407295712, 0.00767176931, 0.00493779322), (-0.0421242566, 0.00775235534, 0.00484194213), (-0.0414599079, 0.0059404963, 0.00587323474), (0.0127680414, -0.00156834278, 0.00935822111), (0.0143954208, -0.00102733791, 0.00930882316), (0.0136131862, -0.000874037163, 0.00981012367), (-0.0410158672, 0.00790637534, 0.00373884564), (0.0301240021, 0.0041163922, 0.00484877301), (0.0310147732, 0.00351937255, 0.0047494107), (0.031479489, 0.0036569484, 0.00470558687), (-0.0456746456, -0.00417178062, 0.0101915708), (-0.0454226713, -0.00593166805, 0.00852468502), (-0.0448652159, -0.00503076018, 0.00939162247), (0.0463939891, -0.000564830056, 0.00706357946), (0.0453982836, -0.000164915996, 0.00640378382), (0.0450740163, -0.00103446004, 0.00723968744), (-0.0591103608, 0.00404965429, 0.0113580173), (-0.0596178256, 0.00566840743, 0.00993420735), (-0.0597408709, 0.00485794447, 0.0104601103), (0.0258830552, 0.000576615817, 0.00750382318), (0.026822371, 0.000150342551, 0.00733835849), (0.0263720909, 0.00138233359, 0.00697347822), (-0.040755419, -0.00275056938, 0.00944920098), (-0.042014571, -0.0029046482, 0.00966722583), (-0.0415172368, -0.00357907665, 0.00983010073), (-0.0402864197, 0.00779170386, 0.00498740233), (-0.0110900785, -0.00138985796, 0.0101498474), (-0.010131306, -0.00220894354, 0.00876877481), (-0.0101900327, -0.00074902302, 0.00981769108), (0.0438044095, 0.00403818943, 0.00452257426), (0.0448822734, 0.0042036435, 0.00443156956), (0.0442973887, 0.00496338638, 0.00451786729), (-0.0137082997, 0.00158785516, 0.0105267217), (-0.0136194713, 0.000795382402, 0.0106723752), (-0.0130654777, 0.00137922646, 0.00999013437), (-0.0386311965, 0.00774262042, 0.00362798012), (-0.0400179365, -0.00416507964, 0.00966582411), (-0.016808949, 0.00328004163, 0.0079386484), (-0.0152500884, 0.0020461893, 0.00838035531), (-0.0152284959, 0.00306785535, 0.0079846378), (0.0139785598, -0.000482874593, 0.00937859165), (-0.00937279629, -0.000552515514, 0.00989665208), (-0.00963543925, -0.00146516492, 0.00904263384), (-0.0393413575, 0.00760317846, 0.00522827484), (-0.0110230857, 0.00497179105, 0.00829935803), (-0.0105172965, 0.00436615676, 0.00831395214), (-0.0101277575, 0.00485687755, 0.0073391444), (0.039618236, -0.00148882418, 0.00816198195), (0.0396670106, -0.000875132744, 0.00754205639), (0.0382945602, -0.00111147522, 0.00813955884), (-0.0305824565, -0.00199422697, 0.00864868009), (-0.0289720787, -0.00158736201, 0.00861811729), (-0.0295471699, -0.000772031458, 0.00921850488), (-0.00142738289, 0.00209255437, 0.00834970992), (-0.00275230627, 0.00361683715, 0.00756572001), (-0.00397420705, 0.00191565893, 0.00845145989), (-0.0164585958, 0.00558859228, 0.00666970749), (-0.0184672641, 0.00465441269, 0.00757858352), (0.0161795773, -0.00718391306, 0.00226101799), (0.0310392951, 0.00543028429, 0.00360279998), (0.0313039372, 0.00504972447, 0.00417492554), (0.0324012132, 0.00516767238, 0.00393528596), (0.00932177646, 0.00687232874, 0.00228102851), (-0.0139290485, 0.0020136698, 0.00964253386), (-0.0138503344, -8.13806707e-06, 0.0106706691), (0.0232177221, 0.00392677716, 0.00556029345), (0.0243805052, 0.00455655474, 0.00473910423), (0.0235062288, 0.00539885655, 0.00425490936), (0.0526087647, 0.00402219814, 0.00469917324), (0.0508654855, 0.00367348505, 0.00496057279), (0.0517191004, 0.00354409718, 0.00520210366), (0.0423617662, 0.00327782066, 0.00485274037), (0.0429611869, 0.00252363394, 0.0051476141), (0.043076858, 0.00327610672, 0.00510755935), (-0.0116275079, 0.00130341508, 0.00929367802), (0.0221770241, 0.00530539884, 0.00431458515), (0.0222952838, 0.00453363347, 0.00494285043), (0.0226672166, 0.00614560323, 0.0021835188), (0.0283646278, 0.00112597677, 0.00680254535), (0.0272015948, 0.00151622971, 0.00661226678), (0.0275188526, 0.000897613775, 0.00662948187), (0.00888280052, 0.00146668075, 0.00720101124), (0.0102614191, 0.00125048324, 0.0070838246), (0.0100990545, 0.00230113189, 0.00743608712), (0.0453286552, 0.00492348525, 0.00431599017), (-0.0358174892, 0.00760085092, 0.00470415071), (-0.0373051277, 0.00761859206, 0.00521971871), (-0.0362383552, 0.00760027724, 0.0051882509), (0.0437934228, 0.00321251561, 0.00488242343), (-0.0407456628, -0.00409365903, 0.00966119415), (-0.0410502525, -0.00463764521, 0.00910016967), (0.0122282411, -0.00125227143, 0.00958011012), (0.0127260763, -0.000778164291, 0.00949181838), (-0.040449944, 0.00250946388, 0.00873457496), (-0.0395727586, 0.0035649388, 0.00803576322), (-0.0426156088, 0.0029891835, 0.00793830487), (0.0462590918, -0.00189347365, 0.00787384776), (-0.0113638757, -0.0040677206, 0.00734633056), (-0.00875194208, -0.0031450098, 0.00787014615), (-0.00984232455, 0.00337007901, 0.0084912979), (-0.00913209813, 0.00450706977, 0.00725293524), (-0.0137908121, -0.00390683087, 0.00761967804), (-0.0149189116, -0.00470450956, 0.00640256805), (-0.0138922343, -0.00456944408, 0.00681346504), (-0.0418487942, 0.00390093801, 0.00718285217), (0.0466336309, 0.00396991438, 0.0040914576), (-0.0144678958, 0.00314095791, 0.00853183413), (-0.0550019414, 0.00832690622, 0.00668923823), (-0.0538169469, 0.00770969109, 0.00741972638), (-0.0543267612, 0.00832975101, 0.00621325379), (0.0121541938, -0.00257428959, 0.00740774467), (0.0104057886, -0.00383855443, 0.00644156781), (0.0139856754, -0.00364958443, 0.00649868765), (0.0250840024, 0.00359312662, 0.00573094966), (0.0254193707, 0.00464534745, 0.00482884404), (0.0318127218, -0.00700995842, 0.00260895219), (0.0311137674, -0.00577677198, 0.00408588221), (0.0304351452, -0.00712120557, 0.00227237812), (0.0459654025, 0.00500691959, 0.00427680337), (0.0292878933, 0.000966585452, 0.00625446364), (0.0293339399, 0.00210509664, 0.00538197506), (0.0151723564, -0.000961273168, 0.00960663563), (-0.00173827584, 0.00152969005, 0.00850383364), (0.0152560498, -0.00048140689, 0.00940675617), (-0.0130923649, 0.00611527255, 0.00670260249), (-0.0138833821, 0.00637165666, 0.00549167446), (0.0224454816, 0.00336801191, 0.0059457709), (0.0295530032, 0.00137831342, 0.00522142069), (0.00499965563, -0.0068063886, 0.00345900746), (0.0037861942, -0.0068577965, 0.00309684582), (-0.0567302558, 0.00784871483, 0.00639600427), (-0.0562159857, 0.00764279728, 0.0069678985), (0.0286998562, -0.00176386762, 0.00841366678), (0.0298368151, -0.000828140584, 0.00895755471), (0.0307713559, -0.00165505899, 0.00861255191), (-0.0516805607, 0.00827794083, 0.00402559873), (-0.0326516121, -0.00310504707, 0.00842374083), (-0.0343391624, -0.0033491963, 0.00831837561), (-0.0332263985, -0.00403582902, 0.00784877602), (0.024386437, -0.00344229096, 0.00641331571), (0.0223054255, -0.00343472271, 0.00653630692), (0.0249496727, -0.00462522813, 0.00557009016), (0.0278597551, 0.000382460158, 0.00758615223), (0.0274146403, 0.000783489592, 0.00629644425), (0.0431728124, 0.00192259376, 0.00495377353), (0.043557093, 0.00208348378, 0.00512174505), (0.0270963793, -0.00556174928, 0.00410612393), (-0.0520838043, -0.000748313467, 0.0111959979), (-0.0509771736, -0.00147716893, 0.0110507215), (-0.0513541204, 0.000124880887, 0.0100777116), (-0.0402988084, -0.00459360227, 0.00940190839), (-0.0054874853, 0.00208731912, 0.00847103235), (-0.0049570267, 0.00266885232, 0.00821981004), (-0.0287091038, -0.000658451441, 0.00953674033), (0.0450836912, 0.00364433037, 0.00467912833), (0.0013865289, 0.00585810792, 0.00439419323), (0.00164364457, 0.00617996364, 0.00416049699), (0.000283469884, 0.00595423366, 0.00449031806), (0.054919951, 0.00291721049, 0.00558913702), (0.054427414, 0.00171020065, 0.00604869495), (0.0551192027, 0.00120549246, 0.00587614026), (-0.000476158287, 0.00300504441, 0.0075242029), (0.0274642601, 0.00205682425, 0.00624610715), (-0.0499678208, -0.000839859324, 0.0101878994), (0.032727043, 0.0037284822, 0.00434130339), (0.0411111373, 0.000201256202, 0.00629080935), (0.0413354455, -0.000703023428, 0.00676363725), (0.0420389993, -0.000239927134, 0.00646462873), (0.0421534606, 0.00062717502, 0.00604492734), (0.0420207796, 0.00145410159, 0.00491524443), (-0.0135999723, 0.00596037823, 0.00705132919), (-0.0140775841, 0.00562544, 0.00672558456), (0.0557499594, 0.0032560484, 0.00546413452), (-0.0388347892, -0.00351839355, 0.00906897995), (-0.0448592368, 0.00785457553, 0.00486913278), (-0.0432363871, 0.0052654169, 0.00619611411), (0.00893789689, 0.00308065574, 0.00702771305), (0.0117186472, 0.00320005965, 0.00686784806), (0.0106698439, 0.00451761803, 0.0059267715), (-0.0280679024, -0.00393799557, 0.00776585829), (-0.0259801852, -0.00397714911, 0.00731017595), (-0.0260191686, -0.00305444808, 0.00765626088), (-0.046744059, -0.00402350775, 0.00996436513), (-0.04657956, -0.00519670746, 0.00916648693), (-0.0536934569, 0.0042423486, 0.010469612), (-0.0537804169, 0.00671537149, 0.00804905927), (-0.0538696915, 0.00605422964, 0.00881303712), (-0.0523931436, 0.00341928523, 0.00888152393), (0.000552132111, 0.0050888036, 0.00471034472), (0.00123218303, 0.00517645392, 0.0042691292), (-0.0131445151, -3.35698528e-05, 0.0107276552), (-0.0113827294, 0.000121963888, 0.0103944006), (0.0263286757, 0.00431101968, 0.00492228348), (0.0419984063, -0.000671369125, 0.00627131648), (0.0449732774, -0.00219431121, 0.00755490109), (0.0432501966, -0.00319281108, 0.00650077169), (0.0437405074, -0.00393558433, 0.00560580188), (-0.0422942624, -0.00611963018, 0.00795829091), (-0.0407120171, -0.00623320563, 0.00766011464), (-0.0392688689, -0.00516031396, 0.00824667655), (0.0434802017, 0.00132296051, 0.00560453522), (0.029193137, 0.000676167097, 0.00709283126), (0.00270998539, -0.00636860175, 0.00409526696), (0.000484432508, -0.00694453588, 0.00318489325), (-0.00383235862, -0.000237723078, 0.00982437727), (-0.00283074972, 0.000781553707, 0.00917323804), (-0.00449561052, 0.00091258886, 0.00912040024), (-0.000286560255, 0.00521661635, 0.00503710626), (-0.0387001061, 0.0030116019, 0.00850776036), (-0.03828545, 0.00380533756, 0.00827165922), (-0.0386739038, 0.00391251443, 0.00850504405), (0.0327607964, -0.00177222276, 0.00833739108), (-0.0245820585, -0.00383442283, 0.00701973906), (-0.0248207854, -0.00542773961, 0.00604233959), (-0.023793921, -0.00551872364, 0.00584712525), (-0.0526505827, 0.0024138696, 0.0101051272), (-0.0154147777, -0.00404021764, 0.00698120423), (-0.015665736, -0.00256713385, 0.00779579203), (-0.0171250805, -0.00263849612, 0.00748282066), (-0.0236560252, -0.00387452758, 0.00695343875), (0.0465087735, -0.00337257076, 0.00589339416), (-0.038442572, 0.00451257243, 0.00765409976), (-0.0301294546, 0.000489668863, 0.00876619701), (-0.0309014696, -0.000466262025, 0.00922098301), (0.0264817141, 0.00348108051, 0.00588732537), (0.0275218263, 0.00464368947, 0.0047366468), (-0.0114561413, 0.00480557931, 0.00905933454), (-0.0144161986, 0.00119502828, 0.00922077865), (-0.0164236348, 0.00199419739, 0.00826517475), (0.0570032892, 0.00187280059, 0.00551888867), (-0.0221839512, -0.00409565528, 0.00654365267), (-0.0395050626, 0.00132428907, 0.00886445438), (-0.0419254163, 0.00119473057, 0.00908500388), (-0.0423349153, 0.0018638364, 0.00881575231), (-0.0237637599, 0.00686253839, 0.00555801644), (-0.025376612, 0.00566749193, 0.00694183576), (-0.0234114142, 0.00560416882, 0.0069346129), (-0.011603291, 0.00584683833, 0.00606314128), (-0.0119385859, 0.00573121912, 0.00757336975), (-0.0227538898, 0.00687359603, 0.0042166493), (-0.0533173047, 0.00764924392, 0.00620350401), (0.0284667103, 3.14245448e-05, 0.00777418545), (-0.021723497, 0.00677934159, 0.00490971597), (-0.0206343637, 0.00671483861, 0.00509591248), (-0.000361424541, 0.00196129055, 0.00843742852), (0.00070362086, 0.00241195305, 0.00787469206), (-0.00838374506, 0.00216772931, 0.0090135585), (-0.00894025718, 0.00261491642, 0.00877295343), (-0.00817833329, 0.000922183256, 0.00889410197), (-0.00732095445, -0.00441048736, 0.00686273843), (0.00768812192, 0.00656122291, 0.00352251243), (0.00810488395, 0.00611945153, 0.00437187499), (0.0104784537, 0.00602502311, 0.00432700819), (0.0337366904, 0.00501717891, 0.00367895352), (0.0387363152, 0.000555330878, 0.00538884621), (0.0393321181, 0.000617031428, 0.00538264029), (0.0391507397, 0.00153217011, 0.00549047161), (-0.0485889234, -0.000386613832, 0.00993503511), (-0.0494078187, 6.37261499e-05, 0.00965210569), (0.018345359, -0.000930919416, 0.00841434615), (0.0175633789, -1.31603232e-05, 0.00805612864), (-0.0440953683, 0.000913823799, 0.00952805035), (-0.0106377534, 0.000943890509, 0.00916962939), (-0.0108089355, 0.00539244079, 0.00621991741), (0.00714989148, -0.00271682869, 0.00750424039), (0.00765268218, -0.00218772891, 0.008087621), (0.00554108823, -0.00184607215, 0.00833590277), (0.03061322, -0.000641080596, 0.00866090361), (-0.010246735, 0.000119780481, 0.00977487474), (-0.0249645834, -0.00187315545, 0.00803059712), (-0.0281923397, -0.00238142944, 0.00820344353), (0.00277162323, 0.00603654704, 0.00468845622), (0.00233642445, 0.00528841392, 0.0047631457), (0.00651515135, 0.00620393682, 0.00437207625), (0.0166294202, 0.000424516824, 0.00669077796), (0.0156192193, 0.000137154278, 0.00692019272), (0.0168538165, 0.000182289318, 0.00784481494), (0.017934757, 0.000605568415, 0.00773053329), (0.0481689161, 0.00248513291, 0.00544047424), (0.0486775684, 0.00380434642, 0.00479165654), (0.0402217756, 0.000648960876, 0.00549177508), (0.0301632484, 0.00112252875, 0.00537731571), (0.0144402818, 0.000171434208, 0.00709956937), (0.0549678241, -6.61813545e-06, 0.00638062192), (0.0162244406, -0.00137222633, 0.00941295819), (0.00730202636, 0.00535530332, 0.00505823712), (-0.0363520491, 0.00663363444, 0.00615148858), (-0.0385312094, 0.00627496248, 0.00614662494), (-0.00977087447, 0.000799519642, 0.00916103467), (0.00885945224, 0.00556541599, 0.00460387524), (0.0348639533, -0.00722290908, 0.00214149537), (0.0354060172, -0.00582048068, 0.00380617616), (0.0155316796, 0.00586323718, 0.00404793445), (-0.0146877239, -0.00318731091, 0.00797774858), (0.0492713824, -0.00636620176, 0.00256244429), (0.0509616746, 0.00300562562, 0.00537978633), (-0.0393915375, -0.00460866522, 0.00883001919), (0.0432302195, -5.04126784e-05, 0.00659143717), (0.0472726617, 0.00501818674, 0.00391562819), (0.0475376765, 0.00407524957, 0.00362842535), (0.00805971947, 8.63741591e-05, 0.00771647683), (0.0086866667, -0.000625164424, 0.00914821678), (0.00870985098, -0.000168377378, 0.00812027842), (0.0310143131, 0.001308361, 0.00526656962), (0.0309007292, 0.0027557613, 0.00519607443), (0.0201473701, -0.00532598809, 0.00483113278), (0.0206555526, -0.00675541258, 0.00300295039), (0.0230121759, -0.00624423135, 0.00359200496), (-0.0614699112, 0.000520779701, 0.00227835358), (-0.0601648929, 0.00184774556, 0.00848382532), (-0.0595444659, 0.00488728527, 0.00413659118), (0.00400697364, 0.00606233042, 0.0044721816), (0.00274828588, 0.00676277671, 0.00361934618), (0.0410561001, 0.000844683089, 0.0051733307), (0.0409854889, 0.00175629806, 0.00505866013), (-0.041527685, 3.90887259e-05, 0.00919727479), (-0.0423432004, -0.00387176835, 0.00938843016), (-0.042962003, -0.0034128235, 0.00947666004), (-0.0436165658, -0.00436848913, 0.00956652792), (0.00513706125, -0.00303433091, 0.00750455702), (0.00728569223, -0.00360194916, 0.00692489239), (0.00488227555, 0.00601214361, 0.00466986276), (0.00509932552, 0.00615273055, 0.00410813169), (-0.0553137441, 7.16975692e-05, 0.0130871662), (-0.0544297644, 0.000822007764, 0.0127403552), (-0.0550289709, 0.00261920016, 0.0124374054), (-0.0153024073, 0.000227493372, 0.0098583281), (-0.0162658782, 0.000225306424, 0.00910003457), (-0.0152288102, -0.000548031076, 0.00987054802), (0.0521901421, -0.0067824553, 0.00232998731), (0.048580616, 0.0043088284, 0.00329304407), (-0.00284703912, 9.67957737e-06, 0.0094006951), (-0.00225112661, 0.00106123151, 0.00920503295), (0.0260750688, -0.000487938073, 0.00863086025), (0.025082919, 0.00119860071, 0.00705446463), (-0.00202243721, -8.79138427e-05, 0.00960817851), (-0.0355436998, 0.00522932142, 0.00723235821), (-0.0440477326, -0.00334483549, 0.0099992602), (0.0136240234, 0.00610226726, 0.00359178483), (0.0488575226, -0.00304696753, 0.00606292195), (0.0467102562, -0.00241069405, 0.00743151218), (-0.0153020505, 0.000999518469, 0.00896242765), (0.0220478893, 0.00277568642, 0.00624973695), (0.0245242523, 0.00261432537, 0.006154397), (0.042304281, -0.0007180603, 0.00719095393), (-0.0562157848, 0.00291810997, 0.0119963991), (-0.0560668215, 0.0048237696, 0.0107681457), (0.00326680737, 0.00530302519, 0.00431227149), (0.00458309608, 0.00541225348, 0.00484047611), (0.0476682846, 0.00349329066, 0.00471227053), (0.048193169, 0.00402314897, 0.00345252361), (0.0323712505, -0.000211651397, 0.00838444407), (0.0179445763, -0.00157411157, 0.00870204446), (-0.0133668471, 0.00516932982, 0.00852112801), (0.0503914366, 0.00222665616, 0.00552172415), (-0.0545473961, 0.00515231899, 0.0107804981), (-0.00716117026, 0.00103994383, 0.00886472184), (-0.0062873025, 0.00201553914, 0.00874454717), (-0.0190149539, 0.00427018584, 0.00770309444), (-0.0592754344, 0.00672350786, 0.00865305588), (-0.0588138268, 0.00739156462, 0.0075522163), (-0.059259574, 0.00681300458, 0.00798612383), (-0.0385347226, 0.00733587968, 0.00549240737), (-0.043695391, 0.00827908524, 0.00210658998), (-0.0134934811, -0.00178827724, 0.0101643051), (-0.0139658316, -0.000771395028, 0.0103578431), (-0.0143919329, -0.00179110322, 0.00913799442), (0.0110329157, -0.00687229266, 0.00285613834), (0.0512230305, 0.00198598756, 0.00529905746), (-0.0258862508, -0.00117870197, 0.00870367318), (-0.00059859327, 0.000249936291, 0.00849045973), (0.00921074099, -0.00655993196, 0.00339449387), (-0.0587402488, 0.00702313381, 0.00846058905), (0.0134115874, 0.00424804117, 0.00609003826), (0.0117075641, 0.00425925309, 0.00607074661), (-0.0596550319, 0.00530316668, 0.00853081694), (-0.059146415, 0.00633416684, 0.00667289319), (-0.0378905777, -0.00588706884, 0.0076071311), (-0.0372339435, -0.00544733584, 0.00773249748), (-0.0389921953, -0.0061485259, 0.00756579482), (0.0243360291, -0.000238180221, 0.00853527083), (0.0187795664, -6.48913972e-05, 0.00752198472), (0.000518667538, -0.00316562582, 0.0075271126), (-0.000708838533, -0.0043856777, 0.00661912597), (0.0021328892, -0.00451357229, 0.00648058683), (-0.0380448826, 0.00747643308, 0.00548886429), (0.0572292225, 0.00312642704, 0.00514332953), (0.0199987487, 0.00267000023, 0.00623624282), (0.0475797502, -0.00213112618, 0.00754107255), (-0.0451867036, -0.00404885278, 0.010031871), (-0.045736192, 0.00807200893, 0.00464688406), (0.0325827284, 0.00143131793, 0.00541918847), (0.0317633542, 0.00255267038, 0.00530685432), (-0.05255231, -0.00149428162, 0.011671387), (-0.053706597, -0.00091333747, 0.012644765), (-0.0210453128, -0.00607822711, 0.00418855067), (-0.0219912358, -0.0056383548, 0.00567264382), (-0.0245081354, -0.00643126172, 0.00372811619), (-0.0060271723, -0.00338167573, 0.00750188902), (-0.0201241454, -0.00522584936, 0.00585140526), (-0.0185401474, -0.00574889351, 0.00453779773), (-0.0287814344, -0.0028805579, 0.0082336265), (-0.0426302028, 0.000673375758, 0.00940978962), (-0.0169798207, -0.00589905709, 0.00481714153), (-0.0159059113, -0.00641934457, 0.00377156627), (0.00726353435, -0.00718860395, 0.00239033855), (0.0269102852, -0.000376189197, 0.00897592852), (-0.0525326185, 0.00824111478, 0.00493549683), (0.00708431022, -0.00600061767, 0.00437537813), (0.0196946207, 0.000796291899, 0.0072536366), (-0.053660726, 0.000433162211, 0.0123195131), (0.0588106627, 0.00301809754, 0.00517142224), (-0.0428059152, -0.00504602587, 0.00902890694), (-0.0504290212, 0.00824121898, 0.00482988059), (-0.0488814692, 0.00833899338, 0.00268871146), (-0.0230802492, 0.00437893965, 0.00756988169), (-0.0134672955, -0.00303586339, 0.00896882551), (-0.011660331, -0.00190651911, 0.00991642642), (-0.043515455, -0.00519099015, 0.00937263093), (-0.0118408691, -0.00113205246, 0.0105646365), (0.0333470478, -0.000631635914, 0.00843350002), (0.0333368938, -0.00153409272, 0.00863425482), (0.0340458876, -0.00109241891, 0.00851385852), (-0.0471103932, 0.00802056106, 0.00474340616), (-0.00687466289, -0.00556833942, 0.00519130281), (-0.00464547887, -0.00489474936, 0.00621833357), (0.0288105196, -0.00049678618, 0.00852774752), (0.0233761081, -0.00546097289, 0.00453111879), (-0.0487508689, -0.00211415774, 0.0110358041), (-0.044590126, 0.00811608082, 0.00418665117), (-0.0160727322, -0.000552631189, 0.00900018154), (-0.0148562246, -0.00201839786, 0.00902770776), (-0.0320505958, 0.00544255182, 0.00722472345), (-0.0313497619, -0.00182781345, 0.00865698831), (-0.033113447, -0.00195760756, 0.00855765113), (-0.028229199, -0.00668321672, 0.00244793625), (-0.0332373861, 0.00679234419, 0.00606657511), (0.0578026361, 0.00217146936, 0.00552229104), (0.00379652797, -0.00313329957, 0.00748926768), (0.0344203428, -0.00168744951, 0.00833635681), (0.0344338909, -0.00248301969, 0.00702523979), (0.0357294706, -0.00260958567, 0.00698718659), (-0.00442928337, -0.00428584526, 0.00690578803), (-0.0497761248, -0.00196847291, 0.0110020551), (0.0587745538, 0.00252428277, 0.00537972782), (-0.0526090097, -0.0032049116, 0.0107413399), (0.0273151304, 0.00315804743, 0.00565351989), (-0.0309656913, -0.00332742819, 0.0090194083), (0.0340472595, 0.00386298529, 0.00410851943), (0.0520170713, 0.00231985294, 0.00543466928), (-0.0465079273, -0.0014185051, 0.0111919006), (-0.0472534644, -0.000406093594, 0.0097233683), (0.0435463671, -0.000731930755, 0.00701139557), (0.0434743468, -0.00127545887, 0.00759172139), (-0.0556819264, 0.00648153537, 0.00898955339), (-0.0117437585, 0.00405434664, 0.00886277052), (-0.0268210142, 0.00562098405, 0.00695436776), (-0.0289382075, 0.00539982341, 0.00718125558), (-0.0283559066, 0.00354091976, 0.00800948899), (0.000223437052, 0.00117390465, 0.00832771628), (0.0145835714, -0.00238595684, 0.00765163598), (0.0162823884, -0.002282539, 0.0079354537), (-0.054376744, -0.000725017759, 0.0134419756), (0.0217617101, 0.00213836255, 0.00686713754), (0.0193888421, 0.0025396085, 0.00618955456), (0.0524578703, 0.00304992491, 0.00594310863), (-0.0477575564, -0.00223530728, 0.0111234929), (0.0525037263, 0.00354196883, 0.00586336536), (-0.0227291812, -0.00178520255, 0.00780252987), (0.0023775428, -0.00301355694, 0.00767590796), (0.0106698224, -0.00274072316, 0.00730021638), (0.00891212471, -0.0018097822, 0.00874002796), (0.00893512977, -0.00327378715, 0.00692406819), (0.0539356244, 0.00332146424, 0.00539362463), (0.0581175731, 0.00126810098, 0.00536759452), (0.0581850206, 0.000168159951, 0.00586035093), (0.0586869248, 0.000894715489, 0.00511526261), (-0.0379937954, -0.00405739755, 0.00882219118), (0.0175365864, -0.00315874295, 0.00702124242), (0.0185743741, -0.00238089523, 0.00751793796), (-0.0469139781, 0.00285505922, 0.00833265844), (-0.0492341654, 0.00239070419, 0.00887253316), (-0.0465879781, 0.0013751519, 0.00927460851), (-0.00320591469, -0.00586944995, 0.00496464058), (-0.00264493094, -0.00706955866, 0.00294717117), (-0.00177495408, -0.0067583438, 0.00362967021), (-0.0111966577, 0.00231496471, 0.00895918823), (-0.0104622961, 0.0015046878, 0.00909565783), (-0.0483474029, -0.00833899338, 0.0020258734), (0.00199768441, 0.00472840148, 0.00541322182), (-0.0420651153, -0.00189034424, 0.0103308624), (-0.0411197595, -0.000751887604, 0.00931966841), (-0.0427700711, -0.00134366676, 0.0099678281), (0.0327034603, 0.00280500728, 0.00518587582), (0.0151836745, -0.00172635845, 0.00793537795), (0.0117539006, 0.00230246141, 0.00732201686), (0.0239113493, -0.00178389993, 0.00842870094), (0.0261254426, -0.00268129999, 0.00736011305), (0.0253961691, -0.00165102453, 0.0088974293), (-0.00862661569, 0.000434757769, 0.00931995537), (-0.0372764454, -0.00683960847, 0.00471974689), (-0.0350876121, -0.0055974406, 0.00714813618), (-0.036834769, -0.00567087284, 0.00734418278), (-0.00148107963, -0.000773435917, 0.00991503386), (0.0257018217, 0.00270419972, 0.00588338049), (0.00486729003, 0.00481502318, 0.00588114631), (-0.0374476507, 0.00440536926, 0.00777395983), (0.0452207561, -0.00173466301, 0.00770571551), (-0.0456298503, -0.00148516216, 0.0108916817), (-0.0459944519, -0.00242510814, 0.0105390403), (-0.0452188248, -0.0019338484, 0.0106764731), (-0.0450973189, 0.00175097484, 0.00904655662), (-0.013900308, -0.00257779264, 0.00918163806), (-0.0379529154, 0.00126981071, 0.00879613024), (-0.0372875823, 0.00206550316, 0.00830776659), (-0.0393080846, 0.000310347127, 0.00917855375), (0.00677372161, 0.00449141878, 0.00608296053), (0.0500305399, 0.00420824919, 0.00382562571), (0.0499006608, 0.00481200277, 0.00290266786), (0.0494294231, 0.00420929715, 0.00281955842), (0.0103559103, -0.0012747774, 0.00933611481), (0.0322175973, 0.000780336939, 0.00597985951), (-0.0124595071, 0.00456542491, 0.00889563124), (-0.0134273998, 0.00440918425, 0.00917043456), (-0.0473039431, -0.00344866674, 0.0104880141), (-0.0460550398, -0.00325589842, 0.0101179399), (0.00701359698, -0.000204680365, 0.00814350754), (0.00603711062, 0.000102782832, 0.00789589295), (0.00624338113, -0.000869832342, 0.00909263075), (-0.0558847676, -0.00198825782, 0.0129270548), (-0.0569745201, -0.0021948877, 0.0123101076), (0.00542200109, -0.00104231794, 0.00966701112), (0.00495789747, -0.000117304799, 0.00860611378), (-0.0413864637, -0.00177298144, 0.0100418809), (-0.0316559845, -0.00386062241, 0.00823714366), (-0.0302954378, -0.003470426, 0.00910980188), (0.0484192186, 0.00514216966, 0.00289686819), (-0.0120933587, -0.00604414068, 0.00485447916), (-0.0148187847, -0.00695383219, 0.00325637288), (-0.0135689019, -0.00732816755, 0.00234858937), (0.01201243, -0.0067114095, 0.00324886201), (0.0136246361, -0.00731943241, 0.00229172807), (-0.0471709041, -0.00234973276, 0.0114514519), (0.0353655587, -0.001391556, 0.00807522689), (0.0273108904, 0.00264962252, 0.00546519466), (-0.0600985059, -0.00252235747, 0.012049703), (-0.0602292084, -0.00304702217, 0.00913529723), (-0.0601161767, -0.00345786859, 0.0115470106), (-0.0599013265, -0.000747578897, 0.0115483159), (-0.0398225311, -0.00800717453, 0.00255205366), (-0.0415347954, -0.007908904, 0.00326441097), (-0.0450694516, 0.000739757031, 0.00983765922), (-0.00819493499, -0.00207818313, 0.00893959424), (0.0173193415, 0.00593861431, 0.00373908757), (-0.0470039709, 0.000719114995, 0.00964498997), (-0.0495279484, 0.00137203754, 0.00946855882), (0.0339942969, 0.00339833018, 0.00533779948), (0.0131476242, 0.00246746197, 0.0068262003), (-0.0424299555, -0.000486333359, 0.00918606412), (-0.0259596635, -0.00679943417, 0.00250842111), (-0.059943009, -0.00447192167, 0.0105097271), (-0.0596906316, -0.00449376283, 0.0108837213), (0.0531283959, -0.00553623556, 0.00404619082), (-0.0343462436, 0.00421376112, 0.00770741617), (-0.0136415989, 0.00369639525, 0.0091219608), (-0.0130551577, 0.00344070583, 0.00898941047), (0.0051316837, -0.00448795372, 0.00631707321), (0.0057036749, -0.00373753706, 0.00679097914), (0.000293367427, -0.00547307648, 0.00524302367), (0.0549577059, -0.00576787317, 0.00271439263), (0.0507869428, 0.00425882121, 0.00357465304), (0.0113516084, -0.00013082446, 0.00869649791), (0.0105270207, 0.000405175986, 0.00798107694), (0.00981510164, 0.00029732171, 0.00825366858), (-0.0402380509, -0.00143397458, 0.00933545971), (-0.00466119147, -0.00373011604, 0.00730225271), (-0.00592541114, -0.0023651625, 0.00844271461), (0.0372630604, -0.00128597985, 0.00814735396), (0.0386285704, -0.00165032684, 0.00826763043), (-0.0215370747, 0.00546947731, 0.00705415926), (-0.0226591585, 0.00659299731, 0.00585392019), (0.0239822247, -0.000935547812, 0.00887118458), (-0.0596482358, -0.00308445151, 0.0121787045), (0.0252827874, -0.000700581827, 0.00895603828), (-0.0614265079, -0.00156659161, 0.00370640963), (0.0206937803, 0.00123959375, 0.00689990849), (0.0190627322, 0.00144853533, 0.00669222198), (-0.0596498023, -0.00580116675, 0.00777186599), (-0.0603329198, -0.00452301119, 0.00506837544), (-0.0594057956, -0.00549385994, 0.00696817295), (0.0336079401, 0.00224648047, 0.00567710064), (0.0376282843, -0.0019539023, 0.00806478246), (-0.0581035973, -0.00597011506, 0.00590120676), (-0.0562925848, -0.00578527539, 0.00854311039), (-0.0553560875, -0.0080455799, 0.00251213164), (0.0504070098, 0.0051587064, 0.00242591908), (0.0519188782, 0.00485759997, 0.00316606495), (0.0522492716, 0.00541685191, 0.00248952266), (-0.0599150047, -0.00492641672, 0.0082987051), (0.0343803757, 0.00553204245, 0.00294854981), (-0.00661343175, 0.000435433677, 0.00984755683), (-0.00610905248, 0.00124720362, 0.00907719178), (-0.00857422747, -0.000251103116, 0.0098170094), (-0.0452195267, -0.00230985855, 0.0110527163), (-0.0112534465, 0.00655678712, 0.00297246349), (-0.0541268092, 0.00425684242, 0.0111589674), (0.0370794946, -0.00283680931, 0.0069683065), (-0.0336525082, 0.00723962408, 0.00555293685), (0.0388074473, 0.000124508404, 0.00606070007), (0.00948857609, 0.00512881714, 0.00532317989), (0.0562256259, 0.000394899075, 0.00614627903), (0.0284518877, 0.00349594352, 0.00552567331), (0.0137931663, 0.00345851826, 0.00655377547), (-0.0229206911, 4.18963059e-05, 0.00925959365), (-0.0230616995, 0.000878327904, 0.00865860209), (-0.0239602921, -0.0002351206, 0.00911276053), (-0.0575467118, 0.00695673362, 0.00846260056), (0.054686533, 0.00472374373, 0.00283313669), (0.0530294787, 0.00525583708, 0.00254372991), (0.0545041223, 0.00398544014, 0.00442631305), (-0.05382336, -0.00818189076, 0.00281110649), (-0.0546577631, -0.00669222089, 0.00677525033), (-0.0368972965, 0.00335237076, 0.00808165532), (-0.0518708024, -0.00628798279, 0.00836633749), (-0.0524950052, -0.00804157248, 0.00329171801), (0.00670939382, -0.00466862156, 0.00604681055), (-0.0502250501, -0.00733968409, 0.00513202275), (0.0142814272, 0.00441284185, 0.00602871823), (0.0318807466, 0.000462304677, 0.0068378383), (-0.0436425269, -0.00188497999, 0.010199353), (-0.0429279055, -0.00241561423, 0.0103977356), (0.0365727797, 0.00546507886, 0.00341783795), (0.0066644564, -0.0012770784, 0.00929249519), (0.00795728641, -0.00137490079, 0.00944967156), (0.0404078189, -0.00138347422, 0.00843495113), (0.0410412242, -0.00170123319, 0.00826295713), (0.048045119, 0.00170156263, 0.00536198388), (0.0489341128, 0.000892419471, 0.00567730563), (0.0204076785, -0.00453744486, 0.00584558233), (0.0172869129, 0.00406849943, 0.00585470196), (0.0170440843, 0.00470930476, 0.00512228359), (-0.0448528547, -0.00290587145, 0.0103496954), (-0.0445309728, -0.00253582077, 0.0103128411), (0.0475258814, -0.00150437661, 0.00790279815), (0.0195730716, -0.00307611948, 0.0070478652), (0.0193999257, -0.00178109424, 0.00770759013), (-0.0220944822, -0.00206645499, 0.0076613933), (0.0478645617, -0.000449087123, 0.00796712499), (0.047253059, 0.000486180455, 0.00591020989), (0.0291616483, 0.00367955507, 0.00516987735), (0.0286476234, 0.00245300776, 0.00529066727), (0.0297041877, 0.00336934853, 0.00493064769), (-0.0220624307, -0.00336010585, 0.00703422221), (-0.0313649101, -0.00497866124, 0.00676692848), (-0.0327115165, -0.00447832392, 0.00740633536), (-0.0328409465, -0.00525424207, 0.00696815697), (-0.0433678084, -0.000269032125, 0.00976034355), (-0.0593588252, -0.0057372247, 0.00854321428), (-0.034088309, -0.00569478713, 0.00645476486), (0.0206322326, -0.00134470605, 0.00841230078), (-0.0217704576, 2.565729e-06, 0.00912975601), (-0.0587140489, -0.00550294223, 0.00861399249), (-0.0587426049, -0.00427137322, 0.0109395197), (-0.0439635979, -0.0025312102, 0.0106508855), (0.0598130412, 0.00295183003, 0.00351661567), (0.0607763004, 0.00161356444, 0.00330969375), (-0.0448545381, -0.00790591756, 0.00334770741), (0.0592107938, 0.00172577312, 0.00493753506), (-0.0199059875, 0.00633019487, 0.00623240067), (0.0594193646, 0.000999477324, 0.00507305885), (-0.0212823551, -0.00512247456, 0.0059212842), (-0.0574520824, -0.00357113818, 0.0114656906), (-0.0570798938, -0.004194047, 0.0108612357), (0.0412178304, -0.00135992989, 0.0083517994), (0.0449224937, -0.00584178158, 0.0036690533), (0.0477821705, -0.00510743853, 0.00449999767), (0.0460604578, -0.00498292978, 0.00477423149), (0.0148108102, -0.000129267299, 0.00872849861), (0.0422002015, -0.00138177024, 0.00824164743), (0.0431055965, -0.00208684766, 0.00782680982), (0.049892616, 0.000967645696, 0.00572752581), (0.00169866158, 0.00295862137, 0.00739729604), (0.00324292959, 0.00216495202, 0.00768639975), (0.0396217775, -0.00208041737, 0.00796426801), (0.0404776378, -0.00271062672, 0.00709448547), (0.0383007067, -0.00258494528, 0.0072125524), (-0.0540463931, 0.00211118916, 0.0121174647), (-0.0187255536, -0.00499681869, 0.00592120733), (0.00949889003, -0.0011010029, 0.00925426786), (-0.0447192688, -0.00138839341, 0.0104925355), (0.0386885835, -0.0072286993, 0.00218914171), (0.0394954046, -0.000348085124, 0.00638390723), (0.00389980348, -0.0021334857, 0.00751430254), (-0.00466399762, 0.00151822798, 0.00891125931), (0.0211324622, 0.000748160293, 0.00709300005), (0.0223426836, 0.000978733458, 0.00689515378), (-0.0299835045, -0.00515919018, 0.00646971515), (-0.0574853242, -0.00523103056, 0.00894357272), (-0.0234218927, -0.000568368976, 0.00904576502), (-0.0220832418, -0.000804700407, 0.00893861252), (-0.0439935896, -0.00121456991, 0.0105858663), (0.0329130795, 0.000319537406, 0.00815565853), (0.0339295746, 0.00111323682, 0.0060974321), (0.0196361091, -0.000518623949, 0.00835734181), (-0.0292155771, -0.0036203642, 0.0086335172), (0.0509133044, 0.00119759715, 0.00553213126), (-0.0350694395, -0.00417507629, 0.00833958489), (0.0103475409, -0.00459085186, 0.00595903791), (0.0247969194, 0.00572449169, 0.00326133562), (-0.0194667442, -0.00161029617, 0.00796893762), (-0.0205069564, -0.001340157, 0.00830002065), (0.0238444855, 0.00209288823, 0.00687351878), (0.011209724, -0.000530433214, 0.00926885753), (0.0387976126, -0.00372079523, 0.0059658595), (-0.000672329818, 0.00467663325, 0.00617194242), (0.0348217454, 0.000328819177, 0.00698954759), (0.019085636, -0.00118583012, 0.0081057299), (-0.0456742056, -0.000658725672, 0.0101612495), (0.0411064251, 0.00557303017, 0.00239901837), (0.0605959123, 0.000259307371, 0.00450807609), (0.0116841563, 0.00618247899, 0.00367150745), (-0.00800502402, 0.00676229177, 0.00244127338), (0.04880752, -0.000429248028, 0.00789461986), (0.048578941, 0.000196722171, 0.00727272395), (-0.0219475211, -0.0048732657, 0.00628705247), (0.030475228, 6.71864036e-05, 0.00780616072), (0.0128456842, 0.00547948795, 0.00453760054), (-0.0554673096, -0.00555427727, 0.010052538), (-0.0363362799, -0.00463043057, 0.00815616283), (-0.0550068188, 0.00694454975, 0.00842131213), (-0.0525433984, 0.000799800513, 0.0109914081), (-0.0197144922, -0.00340275071, 0.00707416408), (-0.0409230024, 0.00458334071, 0.00693995561), (0.0117663417, 0.00482798753, 0.0047365922), (0.0132226713, 0.00479569102, 0.00480131684), (-0.0289536011, -0.00455855941, 0.00702671156), (0.0362296407, -0.00166193487, 0.0080792171), (-0.0312239873, 0.00273633774, 0.00841650496), (-0.0321652283, 0.00106528222, 0.00864985706), (-0.0285940974, 0.00243866768, 0.00840301838), (-0.0548991227, -0.00154195464, 0.0131194499), (-0.00485143455, 0.000237965914, 0.00959530969), (0.015078137, 0.00557816725, 0.0046329063), (-0.0536446072, -0.00586057304, 0.00916389932), (0.040930332, 0.00495818872, 0.00382974426), (0.0387601491, 0.00527135466, 0.00362402269), (-0.0136374616, 0.00317695562, 0.00963393707), (-0.0128790226, 0.00259142607, 0.00872609655), (0.00328475323, 0.00468097634, 0.00586745433), (-0.00293363394, 0.0070718126, 0.00263220664), (-0.0113758019, 0.0062549329, 0.00452359492), (0.018651257, 0.00392012004, 0.00586469457), (0.0187885575, 0.00477054007, 0.00499616088), (-0.051029443, -0.00597545713, 0.00891793809), (0.00143230046, 0.00166429332, 0.00789486135), (-0.0116595962, -0.00320437819, 0.00821484826), (-0.00515761981, 0.00684327561, 0.00363316804), (-0.00018505602, 0.00691707859, 0.00223622226), (0.0150408237, 0.00275649334, 0.00663980702), (0.0424285354, 0.005242088, 0.00369169249), (-0.0197916786, -0.00424387559, 0.0065029349), (-0.0209125262, 0.00339746452, 0.00809643882), (0.0438319778, -0.00475892311, 0.00502479918), (0.0105989369, 0.00552891967, 0.00476761141), (0.0206072184, 0.00553698133, 0.00417542925), (0.0233932954, 0.00108141406, 0.00703681745), (-0.032056761, -0.000379824452, 0.00907540783), (-0.0332154611, -0.00107728423, 0.0096800123), (-0.0319989981, -0.0010175748, 0.00919751966), (0.0586321955, 0.000117928626, 0.00590684054), (0.0273152518, 0.00580024131, 0.003030319), (0.00508999637, 0.00399244188, 0.00657122932), (0.0282920302, -0.0070371352, 0.00229283254), (0.025736234, 0.00550932051, 0.00424132012), (0.0113014025, 0.000304965948, 0.00771483095), (0.0351896056, 0.00504769244, 0.00376948702), (-0.00855120001, 0.00606808655, 0.00464982745), (-0.00841171261, 0.00555859827, 0.00516930361), (-0.00642215962, 0.00536066606, 0.00476566151), (0.0146461228, -0.00470096617, 0.0056792631), (0.0152214104, -0.00682429721, 0.00280496947), (0.0492224178, -0.00204902564, 0.00760639736), (-0.00868384831, 0.00659421144, 0.00331025946), (0.0286777791, 0.00540402331, 0.00398321899), (-0.0333770825, 0.00739404978, 0.00408957202), (-0.0320114455, 0.00724001501, 0.00471027931), (-0.0108569021, -0.0064287002, 0.00384990406), (-0.00888680906, -0.00656160209, 0.00390948891), (0.0353233164, 0.00186005042, 0.00608182241), (0.0302916549, 0.00588645077, 0.00218136462), (0.0517418955, 0.000648425351, 0.00595185709), (0.0197352476, 0.0040240464, 0.00577927116), (-0.0197762162, -0.00466865509, 0.00647684048), (0.051173157, 8.6028286e-05, 0.00724674576), (0.0036602369, 0.00158577247, 0.00777652551), (0.0021682847, 0.000560887075, 0.00777451868), (0.0218283033, 0.000381943607, 0.00764423794), (0.0133837799, -0.000156869285, 0.00815915252), (0.0137486714, 1.04332954e-05, 0.00704134939), (-0.0584850909, -0.00193577203, 0.012585822), (0.0496013937, -0.00156538778, 0.00787432231), (0.0256183955, 0.00224083605, 0.00659919668), (-0.0255955212, 0.00698186685, 0.00494421917), (-0.0278364157, 0.00725725522, 0.00345200183), (-0.0296715761, 0.00718467296, 0.00410849271), (-0.018272346, 0.00610360551, 0.00621129845), (-0.0202837756, -1.96978017e-05, 0.00915244595), (-0.0206316732, 0.00129253598, 0.00862406756), (-0.0436850973, 0.00431113414, 0.00689658976), (-0.00599217335, 0.00636427378, 0.00463455801), (-0.005966109, 0.00551178686, 0.00447282484), (-0.0541800428, -0.0020991497, 0.0123945029), (-0.0543805742, -0.00144045379, 0.0132111363), (-0.0519130677, -0.00193012075, 0.011295968), (-0.0327133022, 0.00725202791, 0.00545490204), (0.012371642, 0.000272136891, 0.00775315391), (-0.0377425185, 0.000306817433, 0.00939147736), (-0.00774468223, -0.000995369263, 0.00982285629), (-0.0313545936, 0.0068873876, 0.00592936403), (-0.0285690832, -0.000311723614, 0.00950724789), (0.043691746, -0.00696895499, 0.00230931044), (0.0174400757, 0.00344343054, 0.00626400539), (-0.00498323381, 0.00574757503, 0.00470776777), (-0.0339708166, 0.000322234948, 0.00881910414), (-0.0329126184, -0.00037606588, 0.00899243001), (-0.0312140851, 0.00723118102, 0.00383031482), (0.0364537271, 0.00507453774, 0.00414302662), (-0.0135504064, 0.00243162296, 0.00955084956), (0.0523917321, 0.00168813738, 0.00559648296), (-0.0074427273, -0.001958775, 0.00903114034), (-0.0059809761, -0.00125371987, 0.00981675023), (-0.0068841868, -0.00104043336, 0.0100533098), (-0.0388792289, -0.00119540936, 0.00926405568), (0.0555120956, -0.00171646698, 0.00608735559), (0.0548474553, -0.00262578237, 0.00598020374), (0.0568444538, -0.00296274812, 0.00537246558), (-0.0179754173, -0.00473268983, 0.00628816603), (0.0529171913, 0.0010062658, 0.00563559589), (0.0514319388, -0.0050402213, 0.00457713886), (0.0176416902, 0.00110390182, 0.00684435001), (-0.00548522721, -0.00650836515, 0.0034566052), (-0.0429507284, -0.00574302788, 0.00844105123), (-0.012828551, 0.00170774745, 0.00935327739), (-0.00441195556, 0.00569290637, 0.00491879776), (-0.00471916616, 0.00482547853, 0.00640397923), (-0.00291628468, 0.00497363773, 0.00600862178), (-0.0275918274, -0.000492242139, 0.00961541353), (-0.0019497417, -0.00322124989, 0.00749973803), (-0.00367685247, -0.00273307783, 0.0082024655), (0.0354296099, -0.00372483689, 0.00583498367), (0.0334902314, -0.00361482577, 0.00596096422), (0.036636971, -0.00460070478, 0.00528275455), (0.0135961658, -0.00215585023, 0.00807729988), (0.0412919937, -0.00672861629, 0.00259303562), (0.00757397175, 0.00361463458, 0.00660890137), (-0.0353873822, -0.00106719839, 0.00913567978), (-0.0368729344, -0.000908623164, 0.00966324896), (-0.0366018639, -0.00186514255, 0.00882172105), (0.035498902, -0.000369180583, 0.00737485488), (-0.0213696729, -0.000842884093, 0.00928088323), (-0.0198232083, -0.00046454519, 0.00900734695), (-0.0477092403, -0.00406479131, 0.0105005943), (0.0136876079, 0.00160423042, 0.00728287672), (0.0146108767, 0.00203992498, 0.00706402228), (-0.0362330202, -0.00367242303, 0.00849961014), (-0.0382746879, -0.00198115249, 0.00898201753), (0.0140987379, 0.00508425579, 0.00503364052), (-0.0297210371, 0.00647027907, 0.00638648057), (0.0328872066, -0.000106604311, 0.00854294105), (-0.0180315454, -3.99005974e-05, 0.00913936493), (-0.0028625786, 0.00412190302, 0.0071122816), (0.0348938678, 0.00387606937, 0.00412755908), (0.0497477791, -0.00487174989, 0.00470840402), (-0.0577273911, 0.00217903201, 0.0122632719), (-0.00102994023, -0.00211764261, 0.00831705264), (-0.00218762861, -0.00184349675, 0.00857693021), (0.0362656328, 0.00177575289, 0.00603389925), (0.0389535335, 0.00200249837, 0.00529097023), (0.0376714433, 0.00307517229, 0.00519045122), (0.0426685831, 0.00454434246, 0.00427243035), (0.0441383642, 0.00532379385, 0.00414443819), (0.0218569149, -0.000168317037, 0.00778103693), (0.0217844897, -0.000947096063, 0.00822581673), (-0.055712151, -0.00365731573, 0.0120023342), (0.0362692163, 0.00460380563, 0.00439996944), (0.0528069498, 0.00237476266, 0.00619888954), (-0.0179166205, -0.000513869345, 0.00900822407), (-0.0559233389, -0.00468340336, 0.0112183429), (-0.00435370574, -0.00191812781, 0.00879330011), (0.0443136069, -0.000525733032, 0.00633780006), (0.0585803031, -0.00203298099, 0.0055962639), (0.0586100699, -0.00342729269, 0.00540490547), (-0.00112422055, 0.00519933329, 0.00511329973), (-0.00178674331, 0.00528771496, 0.00536419818), (0.0467661028, 0.00274662787, 0.00521029481), (0.058191457, -0.00109959959, 0.00581361107), (0.0578466206, 0.00347147259, 0.00517493212), (0.0233956243, -0.00258941545, 0.00747033727), (-0.029694123, 0.0068414462, 0.00585405668), (0.013822724, 0.000463180428, 0.00714081737), (0.0149491609, 0.00121287269, 0.00710592729), (0.0514601589, -0.00293280943, 0.00634514102), (-0.0379564846, -0.000924363505, 0.00978065381), (0.0616186066, -0.0032092265, 0.00360832366), (0.0604190858, -0.00114100609, 0.00535119337), (0.0529976226, -0.00445941847, 0.00574825818), (-0.0181652448, -0.00171253577, 0.00801716552), (0.0561154121, -0.000889655452, 0.00637882417), (-0.0443697965, -0.0039109836, 0.0101012817), (0.0389475255, 0.00252141415, 0.00523133014), (-0.0444136012, -7.21148762e-05, 0.0097778782), (0.0177273922, -0.00696118083, 0.00282290944), (-0.0620756625, -0.00261332145, 0.00204667193), (-0.0361592822, -0.00048225917, 0.00952102529), (0.059560434, -0.000148433383, 0.00621334928), (0.0455499168, 0.00239832533, 0.00553804336), (0.0462409854, 0.00123863454, 0.00565553802), (-0.0278988376, 0.000716382564, 0.00870207494), (-0.0309141611, -0.00596483172, 0.00464226202), (0.0395399655, 0.00425631847, 0.00417182684), (0.0401810749, 0.00459773563, 0.00421809279), (0.0389193566, 0.00498762311, 0.00392848141), (0.0155580369, 0.00331079996, 0.00656209942), (-0.0278630921, 0.00697859072, 0.00539893273), (0.0276744358, -0.00450303499, 0.00559971966), (0.0372640632, 0.00415894862, 0.00416836192), (0.0241829285, 0.000876976515, 0.00681570107), (-0.028908135, -0.00582880807, 0.00491887435), (-0.0102350513, 0.00594165104, 0.00512069966), (-0.02606136, -0.00596052521, 0.00538805511), (0.040213186, 0.0034054604, 0.00483448852), (0.0238966381, 0.000477025194, 0.00755813282), (0.0456653141, 0.00327739636, 0.0046038271), (0.0297135043, -0.00253398696, 0.00768673753), (0.0301475579, -0.00348946936, 0.00633301951), (0.0310319343, -0.00306009197, 0.00678804289), (0.0532570426, 0.000933904628, 0.00632474315), (0.0526508804, 0.000247979999, 0.00692038652), (0.00602785834, 0.00167444167, 0.00767832647), (0.00788508779, 0.00187623854, 0.00728440319), (0.00659622073, 0.00252055046, 0.00704302427), (0.0512544677, -0.00216614062, 0.00734816289), (-0.0129374255, -0.00503212747, 0.006144345), (-0.0541931534, -0.00444673015, 0.0115993479), (-0.0551418572, -0.00503566855, 0.0109645158), (0.059400241, 0.000303226387, 0.00597112845), (-0.0164681198, -0.000953452028, 0.00851289067), (-0.0529509686, 0.00693638221, 0.00680766634), (0.0275613256, -0.00196990744, 0.00852610248), (0.0276781956, -0.00296693416, 0.00687372282), (0.0418083653, -0.00476946082, 0.00502052301), (0.0581103294, -0.00616250467, 0.00235862648), (0.0413319743, -0.00379273346, 0.00579305082), (-0.0525590079, 0.0054675584, 0.00702433491), (-0.0268450004, 0.00679155551, 0.00583047395), (0.0600247973, -0.00650109222, 0.00219692352), (0.0620756625, -0.00518664819, 0.00233992342), (0.0529512904, -0.00334173745, 0.0065465776), (0.0521060067, -0.00397795024, 0.00563384326), (-0.0109309727, -0.00496865176, 0.00632668566), (0.0594809555, -0.00148048409, 0.00603264833), (-0.00523835165, 0.00418367533, 0.00723407086), (-0.0264631072, -0.000654738645, 0.00945570689), (0.0521118092, -0.00263814529, 0.00697962498), (-0.00936884932, -0.00501801761, 0.00628281064), (-0.00551652027, -0.000113791679, 0.00980941221), (0.0568582498, -0.00544884298, 0.00307022649), (0.0593674222, -0.0029814454, 0.00648152076), (0.0599252647, -0.00299379671, 0.00579055879), (-0.0543387664, 0.00824319726, 0.00388871218), (0.0533556725, 0.00260093106, 0.00611217081), (0.0589326253, -0.00550984009, 0.00352173305), (-0.0490401169, 0.00816498881, 0.00460807919), (-0.049666839, 0.00521495025, 0.00627856885), (-0.0479347424, 0.00626829027, 0.00576197193), (-0.0504863694, 0.00741383924, 0.00504029256), (0.031570011, 0.00316459177, 0.00557348075), (-0.043526572, 0.00810616013, 0.00466943606), (0.0542956653, -0.00447148938, 0.00532378424), (-0.0520782079, 0.0048146197, 0.00700412847), (-0.0515266436, 0.00381871412, 0.00767632629), (0.0355520911, 0.00391278626, 0.00491769091), (-0.0353662512, -0.00186925226, 0.00851623273), (-0.0336893816, -0.00166930737, 0.0088296597), (-0.0469454461, -0.00185817757, 0.0112369237), (-0.05122867, 0.0045508195, 0.00686052596), (-0.0494433502, 0.00427530257, 0.00705351142), (-0.0282689629, -0.00528525946, 0.00620620232), (-0.0526749226, -0.00518319776, 0.00974425565), (0.049149225, -0.00349349833, 0.00558193819), (-0.024850642, -0.000705227167, 0.00910129391), (0.0242439438, 0.00526281058, 0.00418491424), (0.000983355745, -0.00228493726, 0.00784450205), (0.0537639068, 0.000812210606, 0.00679626386), (0.0528890147, -0.00225246306, 0.0074946437), (0.0537841409, -0.00346608931, 0.00616744307), (0.0547858528, -0.00125341554, 0.00618997212), (-0.0489094767, 0.00374720976, 0.00743630309), (-0.0480710316, 0.00465975065, 0.00682863823), (0.0534983805, 0.00167255975, 0.00627566473), (-0.0539804974, -0.00352714162, 0.0116750899), (-0.0530607614, -0.00460158736, 0.0109422989), (0.039515942, 0.00350681441, 0.00408141154), (0.0383517651, 0.00371843859, 0.00404572474), (0.0393387646, 0.00292823329, 0.0041681205), (0.017690059, 0.0054103938, 0.0047571504), (0.0580074116, -0.00445155464, 0.0048121782), (-0.0154673297, -0.00529604061, 0.00556001507), (0.0600583061, -0.00548255635, 0.00342777897), (-0.0167537302, -0.00505847224, 0.00588514759), (0.00109358605, -0.00176583389, 0.00828064425), (0.0348152742, 0.00277711941, 0.00525986046), (0.0327468682, -0.00709760107, 0.00233803527), (-0.0460839577, -0.00717588524, 0.0050230822), (0.0324642904, -0.00311004045, 0.00656842816), (0.0317166286, -0.0024599599, 0.0078556542), (-0.0365458695, 0.000611651555, 0.00943040873), (-0.0515835294, -0.00451092553, 0.00990241076), (0.00481308057, 0.00186082855, 0.00759579311), (0.0056336168, 0.000795757737, 0.00786749753), (-0.0536549951, 0.00800855343, 0.00517098765), (-0.0501702964, 0.00335303529, 0.00817155794), (0.0381532402, -0.00556874495, 0.00411268451), (-0.034818301, 0.00135420647, 0.00856776195), (-0.0525202662, 0.00754865482, 0.00566850812), (0.045674393, 0.00090340443, 0.00555937153), (0.0462608946, 0.000762334935, 0.00528759081), (-0.0044631616, -0.000929647351, 0.0101479144), (-0.0241210941, 0.000755853157, 0.00893065429), (-0.0253323006, 0.000865915357, 0.00891603387), (-0.00503014574, -0.0012756054, 0.0100032749), (-0.0515270144, 0.0079581266, 0.00494241187), (0.0171577265, 0.00260939191, 0.00643025314), (-0.0510062387, 0.00597991313, 0.00601186029), (0.0387807045, 0.00300924044, 0.00436182651), (-0.00743571081, 0.00485464781, 0.00656730825), (0.00708561126, 0.0005959326, 0.00801516497), (0.00797363767, 0.000840714523, 0.00759997994), (-0.0443874526, -0.00614769678, 0.00812035845), (-0.00887426372, 0.00418497278, 0.00785103301), (-0.0431555347, -0.00674760238, 0.00648005608), (-0.035015894, -0.000362795562, 0.00909496229), (0.0213664742, -0.00170089136, 0.00821710774), (-0.034299983, -0.000935267556, 0.00951630191), (0.0547876239, -0.000699854818, 0.00644348315), (-0.04088823, -0.00672001017, 0.00659651217), (-0.0356266716, -0.00747441998, 0.00240420542), (-0.00791745242, 0.00415148077, 0.0081339455), (-0.00817145394, 0.00324247519, 0.00869084894), (-0.00698014291, 0.00364708349, 0.00816157333), (-0.00674881736, 0.00444287079, 0.0077655036), (0.022031623, -0.00171097852, 0.00857078027), (-0.0333567431, -0.000702371078, 0.00917895273), (-0.0160280885, 0.000750853457, 0.00900961362), (-0.0171597492, 0.00158660643, 0.00829036645), (0.0307475162, -0.00459866023, 0.00554579253), (0.0413067442, 0.00437431752, 0.00407852379), (-0.0480576371, 0.00791872222, 0.00473527746), (0.0531107329, -0.000180704393, 0.00771299581), (-0.0127763044, 0.00652926341, 0.00318153966), (-0.0493876599, -0.00534270461, 0.00954509443), (-0.0350931425, 0.000467164503, 0.00926707164), (-0.0237379776, 0.00283410533, 0.00859764325), (-0.0217332792, 0.00230984955, 0.00848026179), (-0.0254269673, -4.88133253e-06, 0.00934382482), (0.041665693, 0.00489160445, 0.00403732376), (-0.0514102914, 0.00278098175, 0.00892623314), (-0.0519528039, -0.00392858865, 0.0106085742), (-0.00624870623, 0.00479178321, 0.00662860779), (-0.0191050231, 0.00663929378, 0.00509153538), (0.0450659714, 0.00150090735, 0.00561647456), (0.0350695666, 0.000949917509, 0.0061874128), (0.0359400148, 0.000796964157, 0.00601282912), (0.0372383805, 0.000799022926, 0.00603848911), (0.0396742265, 0.00311416985, 0.00471204695), (-0.0172788856, 0.00682917805, 0.0034115049), (-0.015452734, 0.00674613735, 0.00369569628), (0.0271202635, 0.00516213599, 0.00433026864), (-0.0163139583, 0.00684969693, 0.00460265966), (-0.0180540008, 0.00657698841, 0.00529117263), (-0.0594097866, 0.000467036309, 0.0126420498), (-0.0595132201, 0.00129095618, 0.0124896196), (-0.0597559477, 0.00191263271, 0.0112451151), (0.0014594177, 0.000425936844, 0.00799688119), (-0.0032191571, -0.00115143497, 0.0101271416), (-0.0453577293, 0.00303926385, 0.00819933822), (0.000455158056, 0.00665894996, 0.00307258934), (-0.00124634188, 0.00667902093, 0.00388607554), (0.0510615181, -0.000984803336, 0.00774023655), (-0.00173265507, -0.00124119397, 0.00972821471), (0.012825961, -0.00490026056, 0.00545093932), (0.0416237631, 0.00352309802, 0.00487997083), (0.0188378528, 0.00553388828, 0.00449692587), (0.00133468034, 0.00394532534, 0.00668564555), (-0.00570180651, 0.00306414067, 0.00812175195), (0.00946433862, 0.000816390952, 0.00794604801), (-0.0169997837, -0.00403582019, 0.00661996154), (-0.0599708882, 0.00387183089, 0.0107694948), (0.00915978697, 0.000564612924, 0.00778015576), (0.0039006928, 0.000968978315, 0.00824527349), (0.00299674864, 7.46042669e-05, 0.00787549957), (5.09249366e-05, -0.00128473292, 0.0095444639), (0.00165733489, -0.00100827073, 0.00953708438), (-0.00243934928, -0.000804451434, 0.0103411888), (0.00212354321, 0.00696087495, 0.00297719477), (-0.0475851012, -0.00583162061, 0.00877061163), (-0.048661206, -0.00590555491, 0.0087790001), (0.00105373788, -0.000949198347, 0.0100024436), (-0.0157495234, -0.00456741202, 0.00690070534), (-0.00678978249, 0.00291762773, 0.00877664543), (0.00394196092, 0.00699046849, 0.00246021024), (-0.000350113389, -0.000993465751, 0.0100987303), (-0.0587307154, 0.000938469297, 0.0126441491), (-0.04537161, 0.00434242639, 0.00703583465), (0.000675243672, 1.65820372e-06, 0.00867824333), (-0.0483225275, -0.00462418675, 0.0104293627), (0.00174705661, -0.00203363314, 0.00771989054), (0.00240361083, -0.00245856961, 0.00778273068), (0.0130644619, 0.00153715476, 0.00744831962), (0.010887617, 0.00142964675, 0.00732488897), (0.0117480193, 0.00140773081, 0.00724009237), (0.0120468386, 0.000729793257, 0.00779979071), (0.010997795, 0.000778895488, 0.00781786462), (0.0128025964, 0.00087901164, 0.00797663619), (0.055986375, -0.00427604229, 0.00530961107), (0.0471614221, 0.00171935335, 0.00548852139), (0.0334249068, 0.00287140654, 0.00562072182), (-0.0269207116, -9.81737927e-05, 0.00987373231), (0.0523165865, -0.000996786747, 0.00774443028), (0.0168796273, 0.00192387652, 0.00671042172), (-0.0492846702, -0.00338885537, 0.0105262534), (0.0347922898, 0.00334361551, 0.00536691552), (-0.0245330112, 0.00161344635, 0.0087691393), (0.0200355448, 0.00496969345, 0.00483404815), (-0.00860809427, 0.00518375159, 0.00631242619), (-0.0261074814, 4.40838974e-06, 0.00983217125), (0.0233100307, -0.000840666646, 0.00849249341), (0.00277757571, -0.00181256418, 0.00815506968), (0.00195625778, -0.000829300917, 0.0092768246), (0.00287064123, -0.00102237219, 0.00864079298), (-0.0508636565, 0.00167472439, 0.00964803796), (-0.0516491565, 0.00131210854, 0.0101089992), (-0.0326233018, 0.00390899029, 0.00785681129), (0.00394058143, -0.000277398592, 0.00797398057), (0.0465952058, 0.000531522432, 0.00591930899), (0.04264372, -0.00553361055, 0.00399029249), (-0.0166678801, 0.0066978763, 0.00542793337), (-0.00727471765, 0.00655019074, 0.0044680538), (-0.0267499819, 0.00121447517, 0.00885949132), (-0.0264486184, 0.0028105427, 0.00846108493), (-0.00425522016, 0.00645852062, 0.00481822458), (-0.00281213537, 0.00625691526, 0.00446427853), (0.00441727763, -0.00152691917, 0.00787563157), (0.00444617605, -0.000895333573, 0.00781226494), (0.0438047844, -0.00589689519, 0.00381093626), (0.00357138828, -0.000902402972, 0.00802959496), (-0.0589897055, -0.000768222669, 0.0128074434), (-0.0512749854, -0.00399918612, 0.0103894107), (0.00514376208, 0.0027451114, 0.00696080914), (0.00393641896, 0.0035960243, 0.00678158665), (0.0569567654, -0.00405120321, 0.00527983058), (0.0480961235, 0.000283884869, 0.00639937329), (0.00465744307, 0.000795401864, 0.00824404839), (0.00457651428, -0.000252445614, 0.00829738548), (-0.00298879029, 0.00580331416, 0.00465203248), (0.0363819623, 0.000127797174, 0.00690424676), (0.059248754, -0.00433153435, 0.00562855502), (0.0590695826, -0.00461745868, 0.00518013161), (-0.0597638133, -0.00192600079, 0.0124745095), (-0.0264804497, 0.000189697977, 0.00988640401), (0.0365377677, 0.0036755152, 0.00512480671), (0.0172882063, -0.00457810582, 0.00589630436), (-0.0494769937, -0.0044784612, 0.0104450222), (0.0551965161, -0.00396387468, 0.00581431218), (-0.000982288265, 0.00628363829, 0.0046483336), (0.0374536197, 0.000270868028, 0.00705040986), (-0.0258205404, 0.000397660691, 0.00967187998), (-0.0594384882, 0.00246795505, 0.0122111187), (0.0524130729, -0.00155110272, 0.00776679643), (0.00460672581, -0.000935101998, 0.00967761645), (0.00467517462, -0.00100426947, 0.00930087029), (0.0367865723, -0.000238606034, 0.00752470816), (-0.0501431412, -0.00619031949, 0.00851203874), (0.022685868, -0.00138082242, 0.00876284611), (-0.039370223, -0.0020556371, 0.0088411608), (0.0525708093, 0.00303363827, 0.00653179516), (0.0596751509, -0.00092059374, 0.00665565855), (-0.00516389644, 0.00655019468, 0.00434124614), (0.00718498147, -0.0010841393, 0.00943801555), (0.0596582195, -0.00212048285, 0.00662471767), (0.0405530132, 0.00257949384, 0.00480285893), (-0.04643873, -0.00587327162, 0.00831172843), (0.0381770036, -0.000428697149, 0.0073724365), (0.0334712762, -0.00467341185, 0.00528661819), (-0.0521040124, 0.00631575688, 0.0062566762), (0.0480049258, 0.000740612749, 0.00552443404), (-0.00366220018, 0.0013748952, 0.00899905483), (0.0593088047, -0.00363618864, 0.00624362176), (0.00264498459, -0.00115536248, 0.00926275779), (0.0603480969, -0.00455888956, 0.00426177115), (0.0209582739, 0.00490117481, 0.00456600995), (0.0355418633, -0.000974181814, 0.00768864758), (0.0261533153, -0.00104265096, 0.00900774662), (-0.00324041477, 0.00668137138, 0.00394755674), (-0.00066362976, -0.00355131562, 0.0070587271), (0.0286720009, -0.00122881363, 0.00864063782), (-0.0414337952, -0.00647655549, 0.00760690664), (0.010526579, 0.00655995702, 0.00258244413), (-0.057636665, 0.00733938138, 0.0053102576), (-0.0580393604, 0.00774144152, 0.00657365549), (-0.0556369164, 0.00810629956, 0.00525923106), (0.0209879769, -0.00353724917, 0.00644695034)]
        texCoord2f[] primvars:st = [(0.838463, 0.541194), (0.841731, 0.542982), (0.838457, 0.545956), (0.908747, 0.779968), (0.90718, 0.778053), (0.910427, 0.778432), (0.918475, 0.829914), (0.916686, 0.832247), (0.914803, 0.831674), (0.848731, 0.659652), (0.851154, 0.662254), (0.846326, 0.662751), (0.8272, 0.592423), (0.826175, 0.588676), (0.831525, 0.589358), (0.893427, 0.729742), (0.894651, 0.734303), (0.893072, 0.732287), (0.123342, 0.190562), (0.119992, 0.190129), (0.122968, 0.186977), (0.894231, 0.780723), (0.896464, 0.782557), (0.896731, 0.78383), (0.856777, 0.571695), (0.861673, 0.57151), (0.859563, 0.573472), (0.921917, 0.818858), (0.919853, 0.816647), (0.921754, 0.814959), (0.826667, 0.539713), (0.821924, 0.539383), (0.824076, 0.538535), (0.899701, 0.766227), (0.901134, 0.768642), (0.897969, 0.768237), (0.855716, 0.585975), (0.855416, 0.582438), (0.857545, 0.583395), (0.119992, 0.190129), (0.123342, 0.190562), (0.12352, 0.19183), (0.871221, 0.666631), (0.874235, 0.66852), (0.870359, 0.669618), (0.907353, 0.816399), (0.907908, 0.819394), (0.905374, 0.818546), (0.861776, 0.662813), (0.863511, 0.662195), (0.86245, 0.664028), (0.12352, 0.19183), (0.119862, 0.196255), (0.119992, 0.190129), (0.86, 0.587155), (0.855716, 0.585975), (0.857545, 0.583395), (0.853022, 0.654815), (0.857294, 0.658313), (0.854451, 0.65906), (0.893072, 0.732287), (0.894651, 0.734303), (0.892808, 0.733531), (0.870596, 0.671937), (0.870359, 0.669618), (0.872741, 0.670484), (0.12352, 0.19183), (0.124254, 0.194121), (0.119862, 0.196255), (0.854499, 0.673563), (0.85657, 0.673573), (0.855543, 0.676197), (0.918366, 0.800281), (0.916767, 0.80079), (0.916319, 0.797052), (0.859488, 0.614198), (0.859306, 0.618821), (0.856769, 0.61767), (0.87078, 0.695453), (0.865684, 0.693374), (0.869048, 0.688524), (0.846897, 0.657204), (0.848312, 0.651117), (0.853022, 0.654815), (0.961951, 0.866417), (0.963548, 0.866708), (0.962973, 0.869723), (0.861776, 0.662813), (0.859558, 0.662136), (0.864898, 0.66082), (0.888726, 0.762095), (0.888092, 0.765858), (0.885099, 0.764325), (0.223517, 0.105134), (0.220623, 0.101104), (0.222582, 0.102165), (0.90803, 0.811879), (0.910457, 0.812819), (0.908697, 0.813738), (0.863511, 0.662195), (0.863549, 0.667742), (0.86245, 0.664028), (0.884123, 0.760737), (0.886271, 0.760285), (0.888726, 0.762095), (0.90068, 0.773794), (0.898196, 0.770674), (0.899863, 0.771231), (0.882035, 0.722015), (0.883755, 0.725849), (0.880963, 0.725955), (0.907908, 0.819394), (0.906423, 0.821236), (0.905374, 0.818546), (0.12307, 0.203426), (0.12439, 0.199486), (0.124386, 0.202279), (0.908697, 0.813738), (0.910457, 0.812819), (0.90952, 0.815582), (0.859388, 0.585216), (0.857545, 0.583395), (0.860678, 0.584116), (0.892242, 0.728589), (0.893072, 0.732287), (0.891647, 0.730124), (0.841535, 0.589892), (0.839144, 0.592951), (0.83896, 0.584336), (0.892808, 0.733531), (0.891647, 0.730124), (0.893072, 0.732287), (0.924991, 0.817274), (0.921917, 0.818858), (0.921754, 0.814959), (0.874235, 0.66852), (0.877966, 0.663696), (0.877951, 0.671363), (0.85657, 0.673573), (0.859826, 0.674429), (0.857471, 0.677454), (0.846897, 0.657204), (0.853022, 0.654815), (0.848731, 0.659652), (0.893427, 0.729742), (0.893072, 0.732287), (0.892242, 0.728589), (0.968836, 0.644241), (0.972305, 0.640665), (0.971075, 0.643451), (0.839144, 0.592951), (0.836895, 0.587012), (0.83896, 0.584336), (0.907908, 0.819394), (0.910128, 0.823812), (0.906423, 0.821236), (0.857294, 0.658313), (0.855003, 0.661276), (0.854451, 0.65906), (0.863511, 0.662195), (0.861776, 0.662813), (0.864898, 0.66082), (0.126973, 0.153277), (0.129132, 0.155064), (0.125877, 0.155336), (0.896651, 0.726342), (0.897607, 0.720942), (0.900507, 0.730247), (0.891207, 0.766974), (0.888779, 0.768706), (0.888092, 0.765858), (0.326461, 0.0906008), (0.32527, 0.0865772), (0.330215, 0.0897987), (0.90679, 0.822995), (0.906423, 0.821236), (0.910128, 0.823812), (0.901274, 0.776345), (0.898258, 0.777153), (0.90068, 0.773794), (0.894909, 0.736342), (0.892808, 0.733531), (0.894651, 0.734303), (0.87078, 0.695453), (0.869048, 0.688524), (0.871978, 0.694111), (0.894909, 0.736342), (0.893762, 0.736622), (0.892808, 0.733531), (0.96717, 0.75078), (0.963754, 0.749039), (0.965898, 0.74702), (0.886271, 0.760285), (0.889534, 0.759565), (0.888726, 0.762095), (0.901274, 0.776345), (0.899969, 0.778018), (0.898258, 0.777153), (0.126162, 0.148536), (0.127786, 0.149653), (0.126973, 0.153277), (0.908518, 0.771305), (0.910427, 0.778432), (0.907376, 0.774648), (0.908518, 0.771305), (0.910266, 0.776753), (0.910427, 0.778432), (0.861319, 0.607938), (0.86101, 0.603213), (0.863509, 0.605887), (0.90938, 0.757901), (0.907455, 0.752593), (0.912807, 0.758792), (0.902366, 0.771536), (0.899863, 0.771231), (0.899731, 0.770621), (0.912137, 0.812853), (0.912152, 0.813972), (0.910457, 0.812819), (0.32527, 0.0865772), (0.334542, 0.0819384), (0.330215, 0.0897987), (0.901134, 0.768642), (0.902366, 0.771536), (0.899731, 0.770621), (0.843784, 0.556112), (0.846404, 0.558721), (0.841794, 0.558696), (0.902366, 0.771536), (0.90068, 0.773794), (0.899863, 0.771231), (0.859388, 0.585216), (0.861, 0.586166), (0.86, 0.587155), (0.867204, 0.6847), (0.869048, 0.688524), (0.86616, 0.686651), (0.85695, 0.619994), (0.856769, 0.61767), (0.859306, 0.618821), (0.909567, 0.819388), (0.907908, 0.819394), (0.907353, 0.816399), (0.961401, 0.788675), (0.960659, 0.789504), (0.961525, 0.785518), (0.899863, 0.771231), (0.897969, 0.768237), (0.899731, 0.770621), (0.920542, 0.844491), (0.923308, 0.84198), (0.925231, 0.843418), (0.865684, 0.693374), (0.87078, 0.695453), (0.869271, 0.698854), (0.899863, 0.771231), (0.898196, 0.770674), (0.897969, 0.768237), (0.90068, 0.773794), (0.897109, 0.771618), (0.898196, 0.770674), (0.845225, 0.561914), (0.841794, 0.558696), (0.846404, 0.558721), (0.909567, 0.819388), (0.910128, 0.823812), (0.907908, 0.819394), (0.893884, 0.787518), (0.893188, 0.784503), (0.897975, 0.787017), (0.914353, 0.805893), (0.916487, 0.805753), (0.916188, 0.808086), (0.914487, 0.809093), (0.912137, 0.812853), (0.911844, 0.809503), (0.847541, 0.665175), (0.846326, 0.662751), (0.848068, 0.663526), (0.9681, 0.749269), (0.96717, 0.75078), (0.965898, 0.74702), (0.920413, 0.846998), (0.920542, 0.844491), (0.925231, 0.843418), (0.858904, 0.590801), (0.855716, 0.585975), (0.86, 0.587155), (0.826175, 0.588676), (0.824322, 0.581281), (0.832349, 0.584098), (0.877839, 0.723658), (0.880173, 0.730862), (0.875999, 0.729474), (0.866209, 0.620006), (0.867506, 0.625713), (0.864978, 0.626107), (0.856777, 0.571695), (0.855751, 0.568888), (0.859022, 0.568731), (0.141294, 0.154863), (0.131998, 0.154972), (0.134528, 0.154603), (0.891207, 0.766974), (0.888092, 0.765858), (0.888726, 0.762095), (0.141294, 0.154863), (0.140623, 0.160307), (0.131998, 0.154972), (0.963413, 0.786314), (0.96282, 0.788109), (0.961401, 0.788675), (0.863511, 0.662195), (0.864898, 0.66082), (0.865872, 0.662571), (0.863511, 0.662195), (0.865872, 0.662571), (0.866981, 0.667229), (0.888779, 0.768706), (0.891207, 0.766974), (0.890448, 0.77086), (0.916487, 0.805753), (0.916631, 0.807389), (0.916188, 0.808086), (0.924653, 0.813802), (0.925847, 0.808018), (0.928346, 0.808402), (0.826175, 0.588676), (0.832349, 0.584098), (0.831525, 0.589358), (0.863971, 0.579973), (0.865183, 0.584245), (0.863105, 0.588743), (0.914017, 0.813076), (0.912152, 0.813972), (0.912137, 0.812853), (0.856777, 0.571695), (0.859022, 0.568731), (0.861673, 0.57151), (0.90068, 0.773794), (0.902578, 0.775149), (0.901274, 0.776345), (0.97743, 0.685677), (0.980164, 0.679379), (0.980147, 0.688142), (0.914487, 0.809093), (0.914017, 0.813076), (0.912137, 0.812853), (0.874864, 0.686797), (0.873094, 0.690421), (0.871216, 0.686169), (0.961525, 0.785518), (0.963908, 0.784206), (0.963413, 0.786314), (0.841168, 0.594967), (0.839236, 0.596578), (0.838728, 0.595559), (0.910427, 0.778432), (0.912478, 0.781941), (0.908747, 0.779968), (0.867914, 0.629628), (0.872092, 0.628146), (0.872926, 0.630906), (0.144695, 0.159621), (0.140623, 0.160307), (0.141294, 0.154863), (0.873752, 0.65449), (0.870118, 0.654402), (0.868959, 0.65059), (0.867914, 0.629628), (0.872926, 0.630906), (0.868554, 0.632131), (0.924653, 0.813802), (0.928346, 0.808402), (0.92974, 0.815958), (0.838728, 0.595559), (0.837201, 0.596605), (0.839144, 0.592951), (0.856769, 0.61767), (0.852983, 0.616848), (0.855156, 0.614155), (0.863549, 0.667742), (0.863511, 0.662195), (0.866981, 0.667229), (0.961401, 0.788675), (0.961525, 0.785518), (0.963413, 0.786314), (0.890448, 0.77086), (0.892678, 0.770649), (0.890647, 0.774261), (0.85459, 0.671474), (0.85657, 0.673573), (0.854499, 0.673563), (0.841168, 0.594967), (0.838728, 0.595559), (0.839144, 0.592951), (0.864898, 0.66082), (0.859558, 0.662136), (0.860257, 0.660093), (0.902578, 0.775149), (0.90068, 0.773794), (0.902366, 0.771536), (0.857294, 0.658313), (0.853022, 0.654815), (0.856758, 0.6551), (0.920413, 0.846998), (0.925231, 0.843418), (0.925204, 0.849014), (0.868554, 0.632131), (0.872926, 0.630906), (0.869994, 0.636051), (0.845312, 0.591772), (0.841535, 0.589892), (0.844279, 0.585089), (0.844279, 0.585089), (0.841535, 0.589892), (0.842211, 0.584377), (0.96319, 0.723512), (0.966863, 0.718053), (0.966993, 0.723162), (0.965455, 0.754509), (0.96717, 0.75078), (0.969672, 0.75338), (0.126937, 0.157323), (0.125877, 0.155336), (0.129132, 0.155064), (0.903363, 0.77253), (0.902578, 0.775149), (0.902366, 0.771536), (0.871943, 0.698238), (0.871795, 0.701515), (0.869271, 0.698854), (0.864338, 0.677116), (0.862646, 0.676082), (0.8678, 0.676518), (0.877966, 0.663696), (0.88258, 0.674054), (0.877951, 0.671363), (0.959958, 0.806087), (0.962337, 0.8067), (0.962394, 0.812854), (0.897975, 0.787017), (0.895504, 0.790913), (0.893884, 0.787518), (0.911032, 0.800465), (0.911408, 0.801955), (0.90924, 0.802004), (0.845225, 0.561914), (0.844777, 0.565953), (0.843069, 0.564003), (0.896877, 0.744729), (0.894019, 0.743275), (0.893762, 0.736622), (0.844279, 0.585089), (0.842211, 0.584377), (0.843807, 0.578975), (0.863549, 0.667742), (0.866981, 0.667229), (0.865486, 0.670053), (0.969672, 0.75338), (0.965892, 0.756184), (0.965455, 0.754509), (0.891855, 0.713188), (0.891057, 0.715283), (0.888214, 0.709881), (0.907376, 0.774648), (0.910427, 0.778432), (0.907575, 0.776818), (0.868022, 0.67027), (0.865486, 0.670053), (0.866981, 0.667229), (0.864978, 0.626107), (0.862376, 0.629625), (0.861907, 0.620526), (0.961401, 0.788675), (0.961631, 0.792151), (0.960659, 0.789504), (0.963399, 0.790691), (0.961401, 0.788675), (0.96282, 0.788109), (0.962337, 0.8067), (0.959958, 0.806087), (0.962217, 0.802598), (0.963399, 0.790691), (0.961631, 0.792151), (0.961401, 0.788675), (0.889981, 0.742085), (0.889715, 0.739516), (0.892783, 0.74196), (0.892776, 0.744943), (0.889981, 0.742085), (0.892783, 0.74196), (0.916188, 0.808086), (0.914487, 0.809093), (0.914353, 0.805893), (0.915467, 0.826365), (0.914803, 0.831674), (0.912455, 0.828972), (0.911408, 0.801955), (0.912084, 0.804292), (0.90924, 0.802004), (0.899969, 0.778018), (0.900687, 0.779248), (0.898258, 0.777153), (0.888709, 0.736649), (0.892783, 0.74196), (0.889715, 0.739516), (0.8272, 0.592423), (0.831525, 0.589358), (0.827129, 0.593693), (0.925231, 0.843418), (0.923308, 0.84198), (0.928288, 0.841864), (0.894909, 0.736342), (0.8962, 0.738685), (0.893762, 0.736622), (0.979042, 0.691349), (0.97743, 0.685677), (0.980147, 0.688142), (0.870451, 0.721791), (0.869039, 0.724494), (0.867354, 0.720392), (0.832582, 0.603646), (0.832306, 0.597505), (0.837201, 0.596605), (0.868022, 0.67027), (0.870596, 0.671937), (0.866663, 0.672197), (0.869039, 0.724494), (0.870451, 0.721791), (0.871109, 0.72616), (0.914803, 0.831674), (0.916686, 0.832247), (0.914815, 0.834586), (0.326461, 0.0906008), (0.320014, 0.0952344), (0.315526, 0.0922496), (0.870118, 0.654402), (0.873752, 0.65449), (0.871989, 0.656693), (0.863105, 0.588743), (0.861, 0.586166), (0.863971, 0.579973), (0.916665, 0.834187), (0.914815, 0.834586), (0.916686, 0.832247), (0.863105, 0.588743), (0.861548, 0.588678), (0.861, 0.586166), (0.916665, 0.834187), (0.915944, 0.836691), (0.914815, 0.834586), (0.8962, 0.738685), (0.896877, 0.744729), (0.893762, 0.736622), (0.914487, 0.809093), (0.916188, 0.808086), (0.917294, 0.811138), (0.897975, 0.787017), (0.893188, 0.784503), (0.894231, 0.780723), (0.907955, 0.826469), (0.910128, 0.823812), (0.910675, 0.826324), (0.884163, 0.719314), (0.887656, 0.719959), (0.885393, 0.720644), (0.900687, 0.779248), (0.901191, 0.781368), (0.898041, 0.781781), (0.973977, 0.732404), (0.979091, 0.732584), (0.977243, 0.739196), (0.235569, 0.0349566), (0.233422, 0.0523877), (0.225929, 0.0404666), (0.961668, 0.795515), (0.959437, 0.793194), (0.961631, 0.792151), (0.90924, 0.802004), (0.912116, 0.806634), (0.910087, 0.807125), (0.912116, 0.806634), (0.90924, 0.802004), (0.912084, 0.804292), (0.844279, 0.585089), (0.847661, 0.585499), (0.845312, 0.591772), (0.857855, 0.581014), (0.856251, 0.579581), (0.858481, 0.577242), (0.897975, 0.787017), (0.894231, 0.780723), (0.896731, 0.78383), (0.890587, 0.707805), (0.894114, 0.712864), (0.888214, 0.709881), (0.961668, 0.795515), (0.962306, 0.797406), (0.961391, 0.79879), (0.871943, 0.698238), (0.869271, 0.698854), (0.87078, 0.695453), (0.839742, 0.547627), (0.838196, 0.550493), (0.832944, 0.549918), (0.87147, 0.730649), (0.869039, 0.724494), (0.871109, 0.72616), (0.862595, 0.657414), (0.861818, 0.654525), (0.864601, 0.657055), (0.907955, 0.826469), (0.910675, 0.826324), (0.911015, 0.82931), (0.875111, 0.689648), (0.872818, 0.692249), (0.873094, 0.690421), (0.902714, 0.765902), (0.899701, 0.766227), (0.897504, 0.764498), (0.875111, 0.689648), (0.875924, 0.691919), (0.872818, 0.692249), (0.836905, 0.604951), (0.832582, 0.603646), (0.837201, 0.596605), (0.890448, 0.77086), (0.891207, 0.766974), (0.892678, 0.770649), (0.855455, 0.57662), (0.858481, 0.577242), (0.856251, 0.579581), (0.931379, 0.822539), (0.926618, 0.818064), (0.92974, 0.815958), (0.915467, 0.826365), (0.918475, 0.829914), (0.914803, 0.831674), (0.860257, 0.660093), (0.860133, 0.657489), (0.862595, 0.657414), (0.894114, 0.712864), (0.891855, 0.713188), (0.888214, 0.709881), (0.890758, 0.75799), (0.893237, 0.764732), (0.888726, 0.762095), (0.918264, 0.808161), (0.916188, 0.808086), (0.916631, 0.807389), (0.891207, 0.766974), (0.888726, 0.762095), (0.893237, 0.764732), (0.826667, 0.539713), (0.831435, 0.546894), (0.826293, 0.548502), (0.961668, 0.795515), (0.962889, 0.793274), (0.963624, 0.796756), (0.918264, 0.808161), (0.917294, 0.811138), (0.916188, 0.808086), (0.902714, 0.765902), (0.901134, 0.768642), (0.899701, 0.766227), (0.214162, 0.0954298), (0.21295, 0.0992084), (0.212136, 0.0976619), (0.908747, 0.779968), (0.912478, 0.781941), (0.908561, 0.781619), (0.898076, 0.743008), (0.896877, 0.744729), (0.8962, 0.738685), (0.9681, 0.749269), (0.96714, 0.747735), (0.972175, 0.749024), (0.918191, 0.831961), (0.916686, 0.832247), (0.918475, 0.829914), (0.831435, 0.546894), (0.826272, 0.552828), (0.826293, 0.548502), (0.32527, 0.0865772), (0.326461, 0.0906008), (0.315526, 0.0922496), (0.961631, 0.792151), (0.959437, 0.793194), (0.960659, 0.789504), (0.8678, 0.676518), (0.868426, 0.679304), (0.866662, 0.682507), (0.853022, 0.654815), (0.848312, 0.651117), (0.849047, 0.649393), (0.132199, 0.140619), (0.1292, 0.142539), (0.130347, 0.140799), (0.829395, 0.598159), (0.828195, 0.59614), (0.827129, 0.593693), (0.963624, 0.796756), (0.961391, 0.79879), (0.962306, 0.797406), (0.870006, 0.66004), (0.86675, 0.659901), (0.8689, 0.658013), (0.918191, 0.831961), (0.919587, 0.833947), (0.916665, 0.834187), (0.861907, 0.620526), (0.862376, 0.629625), (0.859971, 0.627455), (0.871978, 0.694111), (0.872818, 0.692249), (0.875967, 0.696458), (0.855156, 0.614155), (0.859488, 0.614198), (0.856769, 0.61767), (0.962217, 0.802598), (0.961391, 0.79879), (0.963624, 0.796756), (0.132199, 0.140619), (0.131717, 0.142316), (0.1292, 0.142539), (0.880173, 0.730862), (0.879209, 0.736083), (0.877724, 0.73163), (0.224806, 0.0527124), (0.222533, 0.0476241), (0.225929, 0.0404666), (0.860133, 0.657489), (0.857294, 0.658313), (0.856758, 0.6551), (0.863105, 0.588743), (0.865863, 0.592136), (0.865045, 0.594168), (0.224806, 0.0527124), (0.221191, 0.0512931), (0.222533, 0.0476241), (0.863105, 0.588743), (0.86594, 0.588988), (0.865863, 0.592136), (0.900598, 0.761269), (0.902714, 0.765902), (0.897504, 0.764498), (0.892776, 0.744943), (0.894019, 0.743275), (0.895181, 0.746692), (0.886849, 0.695554), (0.888591, 0.691474), (0.891539, 0.698838), (0.918191, 0.831961), (0.916665, 0.834187), (0.916686, 0.832247), (0.125076, 0.197388), (0.12439, 0.199486), (0.119862, 0.196255), (0.892776, 0.744943), (0.892783, 0.74196), (0.894019, 0.743275), (0.920413, 0.846998), (0.925204, 0.849014), (0.922109, 0.850794), (0.88904, 0.752468), (0.890758, 0.75799), (0.889534, 0.759565), (0.125076, 0.197388), (0.119862, 0.196255), (0.125041, 0.19597), (0.907955, 0.826469), (0.90679, 0.822995), (0.910128, 0.823812), (0.927133, 0.820553), (0.926618, 0.818064), (0.931379, 0.822539), (0.856719, 0.573108), (0.859563, 0.573472), (0.858481, 0.577242), (0.902921, 0.785147), (0.899459, 0.783882), (0.901191, 0.781368), (0.84556, 0.554368), (0.843784, 0.556112), (0.84334, 0.551474), (0.881197, 0.678164), (0.877951, 0.671363), (0.88258, 0.674054), (0.962889, 0.793274), (0.961668, 0.795515), (0.961631, 0.792151), (0.861907, 0.620526), (0.86293, 0.618632), (0.866209, 0.620006), (0.845304, 0.582843), (0.847661, 0.585499), (0.844279, 0.585089), (0.861907, 0.620526), (0.866209, 0.620006), (0.864978, 0.626107), (0.124254, 0.194121), (0.125041, 0.19597), (0.119862, 0.196255), (0.902714, 0.765902), (0.903897, 0.767865), (0.901134, 0.768642), (0.976293, 0.697489), (0.979042, 0.691349), (0.981859, 0.697043), (0.888726, 0.762095), (0.889534, 0.759565), (0.890758, 0.75799), (0.892776, 0.744943), (0.895181, 0.746692), (0.893686, 0.749879), (0.844279, 0.585089), (0.843807, 0.578975), (0.845304, 0.582843), (0.839742, 0.547627), (0.839688, 0.552401), (0.838196, 0.550493), (0.925204, 0.849014), (0.923849, 0.854851), (0.922109, 0.850794), (0.860257, 0.660093), (0.855003, 0.661276), (0.857294, 0.658313), (0.858481, 0.577242), (0.860779, 0.579107), (0.857855, 0.581014), (0.841556, 0.632927), (0.846407, 0.638392), (0.84286, 0.638247), (0.870006, 0.66004), (0.873345, 0.658975), (0.872053, 0.664678), (0.860779, 0.579107), (0.858481, 0.577242), (0.860776, 0.577061), (0.86986, 0.664857), (0.870006, 0.66004), (0.872053, 0.664678), (0.910395, 0.784158), (0.912288, 0.783696), (0.911952, 0.78582), (0.970419, 0.660868), (0.975089, 0.661123), (0.972025, 0.667508), (0.903363, 0.77253), (0.902366, 0.771536), (0.905414, 0.772424), (0.849422, 0.564425), (0.844777, 0.565953), (0.845225, 0.561914), (0.860133, 0.657489), (0.860257, 0.660093), (0.857294, 0.658313), (0.962889, 0.793274), (0.961631, 0.792151), (0.963399, 0.790691), (0.864601, 0.657055), (0.864211, 0.65459), (0.868843, 0.656728), (0.832582, 0.603646), (0.836905, 0.604951), (0.838334, 0.614589), (0.861319, 0.607938), (0.858594, 0.612202), (0.857929, 0.607328), (0.832582, 0.603646), (0.838334, 0.614589), (0.833941, 0.612232), (0.923849, 0.854851), (0.925204, 0.849014), (0.925154, 0.851391), (0.886849, 0.695554), (0.891539, 0.698838), (0.889485, 0.704257), (0.913612, 0.786342), (0.916433, 0.785252), (0.917624, 0.788771), (0.970069, 0.668577), (0.970419, 0.660868), (0.972025, 0.667508), (0.848433, 0.561713), (0.845225, 0.561914), (0.846404, 0.558721), (0.848433, 0.561713), (0.849422, 0.564425), (0.845225, 0.561914), (0.925118, 0.854283), (0.923849, 0.854851), (0.925154, 0.851391), (0.850165, 0.55331), (0.84556, 0.554368), (0.84334, 0.551474), (0.890647, 0.774261), (0.892678, 0.770649), (0.894148, 0.772709), (0.861319, 0.607938), (0.862912, 0.612355), (0.858594, 0.612202), (0.898831, 0.790629), (0.895504, 0.790913), (0.897975, 0.787017), (0.916665, 0.834187), (0.91944, 0.836327), (0.915944, 0.836691), (0.864898, 0.66082), (0.86675, 0.659901), (0.865872, 0.662571), (0.901134, 0.768642), (0.903897, 0.767865), (0.902366, 0.771536), (0.84882, 0.570919), (0.845592, 0.569598), (0.844777, 0.565953), (0.921754, 0.814959), (0.919359, 0.811255), (0.920762, 0.810584), (0.976293, 0.697489), (0.981859, 0.697043), (0.978884, 0.702649), (0.829987, 0.604597), (0.829323, 0.601695), (0.832582, 0.603646), (0.138253, 0.147118), (0.139018, 0.151726), (0.133406, 0.149812), (0.859826, 0.674429), (0.85657, 0.673573), (0.856285, 0.670031), (0.840851, 0.628966), (0.840242, 0.623051), (0.845667, 0.623501), (0.905414, 0.772424), (0.902366, 0.771536), (0.903897, 0.767865), (0.871943, 0.698238), (0.87434, 0.699277), (0.871795, 0.701515), (0.898571, 0.733178), (0.900507, 0.730247), (0.899297, 0.73779), (0.912116, 0.806634), (0.914487, 0.809093), (0.911844, 0.809503), (0.842462, 0.549687), (0.839688, 0.552401), (0.839742, 0.547627), (0.845312, 0.591772), (0.841168, 0.594967), (0.841535, 0.589892), (0.892147, 0.756545), (0.88904, 0.752468), (0.888762, 0.750756), (0.917934, 0.838112), (0.915944, 0.836691), (0.91944, 0.836327), (0.861548, 0.588678), (0.858904, 0.590801), (0.86, 0.587155), (0.850325, 0.567052), (0.844777, 0.565953), (0.849422, 0.564425), (0.223517, 0.105134), (0.222582, 0.102165), (0.225334, 0.102362), (0.86, 0.587155), (0.861, 0.586166), (0.861548, 0.588678), (0.862376, 0.629625), (0.868554, 0.632131), (0.863416, 0.635784), (0.886849, 0.695554), (0.889485, 0.704257), (0.888004, 0.700591), (0.895347, 0.722317), (0.890669, 0.719427), (0.894773, 0.717297), (0.9681, 0.749269), (0.972175, 0.749024), (0.96717, 0.75078), (0.870006, 0.66004), (0.865872, 0.662571), (0.86675, 0.659901), (0.972175, 0.749024), (0.969672, 0.75338), (0.96717, 0.75078), (0.224806, 0.0527124), (0.225929, 0.0404666), (0.233422, 0.0523877), (0.225334, 0.102362), (0.226871, 0.105834), (0.223517, 0.105134), (0.870006, 0.66004), (0.86986, 0.664857), (0.865872, 0.662571), (0.927816, 0.851402), (0.930779, 0.850526), (0.929318, 0.852579), (0.224806, 0.0527124), (0.221422, 0.0531449), (0.221191, 0.0512931), (0.844777, 0.565953), (0.850325, 0.567052), (0.84882, 0.570919), (0.863105, 0.588743), (0.865045, 0.594168), (0.86085, 0.592802), (0.925154, 0.851391), (0.925204, 0.849014), (0.927816, 0.851402), (0.899297, 0.73779), (0.902283, 0.740248), (0.901188, 0.743779), (0.836861, 0.572513), (0.836805, 0.565877), (0.841107, 0.57247), (0.975448, 0.670507), (0.981076, 0.671058), (0.979092, 0.673572), (0.877839, 0.723658), (0.880963, 0.725955), (0.880173, 0.730862), (0.862912, 0.612355), (0.859488, 0.614198), (0.858594, 0.612202), (0.875924, 0.691919), (0.875967, 0.696458), (0.872818, 0.692249), (0.861364, 0.669863), (0.864172, 0.671037), (0.859826, 0.674429), (0.86085, 0.592802), (0.858904, 0.590801), (0.861548, 0.588678), (0.901274, 0.776345), (0.900687, 0.779248), (0.899969, 0.778018), (0.841556, 0.632927), (0.840851, 0.628966), (0.845667, 0.623501), (0.965193, 0.789466), (0.962889, 0.793274), (0.963399, 0.790691), (0.826272, 0.552828), (0.831435, 0.546894), (0.832944, 0.549918), (0.852641, 0.58283), (0.850055, 0.586146), (0.850735, 0.581249), (0.854451, 0.65906), (0.848731, 0.659652), (0.853022, 0.654815), (0.8689, 0.658013), (0.864601, 0.657055), (0.868843, 0.656728), (0.896731, 0.78383), (0.900077, 0.786395), (0.897975, 0.787017), (0.898546, 0.735397), (0.898571, 0.733178), (0.899297, 0.73779), (0.882286, 0.730415), (0.880173, 0.730862), (0.880963, 0.725955), (0.90434, 0.759025), (0.908908, 0.763354), (0.904908, 0.763223), (0.866663, 0.672197), (0.868677, 0.674854), (0.8678, 0.676518), (0.978827, 0.58009), (0.971841, 0.58677), (0.971435, 0.582091), (0.892147, 0.756545), (0.890758, 0.75799), (0.88904, 0.752468), (0.970793, 0.579092), (0.978827, 0.58009), (0.971435, 0.582091), (0.878073, 0.692675), (0.875967, 0.696458), (0.875924, 0.691919), (0.891207, 0.766974), (0.893237, 0.764732), (0.894047, 0.768121), (0.832582, 0.603646), (0.829323, 0.601695), (0.829293, 0.599576), (0.966229, 0.796856), (0.962217, 0.802598), (0.963624, 0.796756), (0.836905, 0.604951), (0.837201, 0.596605), (0.838069, 0.599243), (0.923741, 0.814714), (0.924991, 0.817274), (0.921754, 0.814959), (0.849499, 0.573299), (0.851842, 0.571796), (0.850954, 0.574182), (0.840936, 0.576769), (0.836861, 0.572513), (0.841107, 0.57247), (0.871745, 0.658241), (0.8689, 0.658013), (0.868843, 0.656728), (0.845312, 0.591772), (0.846353, 0.59598), (0.844554, 0.598291), (0.845312, 0.591772), (0.848199, 0.591705), (0.846353, 0.59598), (0.872208, 0.719254), (0.870451, 0.721791), (0.867354, 0.720392), (0.217176, 0.102078), (0.215487, 0.104014), (0.214068, 0.102894), (0.890751, 0.723969), (0.890669, 0.719427), (0.895347, 0.722317), (0.903643, 0.783486), (0.901191, 0.781368), (0.900687, 0.779248), (0.854283, 0.668616), (0.851854, 0.666818), (0.854651, 0.665659), (0.853876, 0.567643), (0.85406, 0.57119), (0.851842, 0.571796), (0.884199, 0.71637), (0.882856, 0.71406), (0.885738, 0.713576), (0.845023, 0.544893), (0.841731, 0.542982), (0.844943, 0.541864), (0.885691, 0.711721), (0.882856, 0.71406), (0.883151, 0.710865), (0.862595, 0.657414), (0.864898, 0.66082), (0.860257, 0.660093), (0.900077, 0.786395), (0.898831, 0.790629), (0.897975, 0.787017), (0.852703, 0.58477), (0.850055, 0.586146), (0.852641, 0.58283), (0.862912, 0.612355), (0.863946, 0.610236), (0.863689, 0.614091), (0.885738, 0.713576), (0.882856, 0.71406), (0.885691, 0.711721), (0.91944, 0.836327), (0.916665, 0.834187), (0.919587, 0.833947), (0.854451, 0.65906), (0.851154, 0.662254), (0.848731, 0.659652), (0.829293, 0.599576), (0.832306, 0.597505), (0.832582, 0.603646), (0.907955, 0.826469), (0.911015, 0.82931), (0.908669, 0.82969), (0.908669, 0.82969), (0.911015, 0.82931), (0.910899, 0.833276), (0.976455, 0.647), (0.981158, 0.639141), (0.983605, 0.642161), (0.853876, 0.567643), (0.851842, 0.571796), (0.850984, 0.568559), (0.911952, 0.78582), (0.913612, 0.786342), (0.913957, 0.789037), (0.868554, 0.632131), (0.862376, 0.629625), (0.864978, 0.626107), (0.839742, 0.547627), (0.838457, 0.545956), (0.841731, 0.542982), (0.894047, 0.768121), (0.895416, 0.772485), (0.894148, 0.772709), (0.86986, 0.664857), (0.872053, 0.664678), (0.871221, 0.666631), (0.245033, 0.0621265), (0.246245, 0.0539798), (0.247468, 0.0606851), (0.245033, 0.0621265), (0.240538, 0.0608262), (0.246245, 0.0539798), (0.898076, 0.743008), (0.899297, 0.73779), (0.901188, 0.743779), (0.84373, 0.576197), (0.840936, 0.576769), (0.841107, 0.57247), (0.875729, 0.673689), (0.877951, 0.671363), (0.881197, 0.678164), (0.911015, 0.82931), (0.91205, 0.831492), (0.910899, 0.833276), (0.842667, 0.570932), (0.841107, 0.57247), (0.83943, 0.564444), (0.916681, 0.838691), (0.915944, 0.836691), (0.917934, 0.838112), (0.900077, 0.786395), (0.900026, 0.789957), (0.898831, 0.790629), (0.882286, 0.730415), (0.882822, 0.734312), (0.880173, 0.730862), (0.845304, 0.582843), (0.848572, 0.58274), (0.847661, 0.585499), (0.247468, 0.0606851), (0.250277, 0.0577647), (0.250573, 0.0588247), (0.884163, 0.719314), (0.884199, 0.71637), (0.887656, 0.719959), (0.925118, 0.854283), (0.925154, 0.851391), (0.927816, 0.851402), (0.840376, 0.60759), (0.838334, 0.614589), (0.836905, 0.604951), (0.920762, 0.810584), (0.923741, 0.814714), (0.921754, 0.814959), (0.855945, 0.664376), (0.85698, 0.665922), (0.854651, 0.665659), (0.894228, 0.70676), (0.892895, 0.708758), (0.889485, 0.704257), (0.974383, 0.680047), (0.979092, 0.673572), (0.980164, 0.679379), (0.868426, 0.679304), (0.8678, 0.676518), (0.868677, 0.674854), (0.218093, 0.104027), (0.215487, 0.104014), (0.217176, 0.102078), (0.86675, 0.659901), (0.862595, 0.657414), (0.864601, 0.657055), (0.888612, 0.727576), (0.886244, 0.726296), (0.886108, 0.724078), (0.852703, 0.58477), (0.855716, 0.585975), (0.852421, 0.588153), (0.891539, 0.698838), (0.894228, 0.70676), (0.889485, 0.704257), (0.866981, 0.667229), (0.870359, 0.669618), (0.868022, 0.67027), (0.899459, 0.783882), (0.902921, 0.785147), (0.900077, 0.786395), (0.892678, 0.770649), (0.894047, 0.768121), (0.894148, 0.772709), (0.855003, 0.661276), (0.851154, 0.662254), (0.854451, 0.65906), (0.883243, 0.681631), (0.87879, 0.679057), (0.881197, 0.678164), (0.916319, 0.797052), (0.915694, 0.794151), (0.91787, 0.797643), (0.844309, 0.643264), (0.840568, 0.640958), (0.84286, 0.638247), (0.902148, 0.759731), (0.90434, 0.759025), (0.904908, 0.763223), (0.849605, 0.533266), (0.845823, 0.534078), (0.846555, 0.532641), (0.904908, 0.763223), (0.90253, 0.763517), (0.902148, 0.759731), (0.241163, 0.0388352), (0.233422, 0.0523877), (0.235569, 0.0349566), (0.893477, 0.752924), (0.888762, 0.750756), (0.891283, 0.748861), (0.845023, 0.544893), (0.839742, 0.547627), (0.841731, 0.542982), (0.747957, 0.00270313), (0.755483, 0.00231832), (0.750162, 0.00369728), (0.854651, 0.665659), (0.85698, 0.665922), (0.854283, 0.668616), (0.902464, 0.788225), (0.900077, 0.786395), (0.902921, 0.785147), (0.917692, 0.794964), (0.91787, 0.797643), (0.915694, 0.794151), (0.249964, 0.0425816), (0.255834, 0.045011), (0.253401, 0.0479017), (0.841107, 0.57247), (0.842667, 0.570932), (0.84373, 0.576197), (0.852641, 0.58283), (0.855416, 0.582438), (0.855716, 0.585975), (0.745592, 0.0115385), (0.753053, 0.00677794), (0.762339, 0.0123479), (0.862595, 0.657414), (0.86675, 0.659901), (0.864898, 0.66082), (0.21569, 0.106123), (0.219735, 0.107348), (0.219352, 0.109647), (0.251462, 0.0515918), (0.246245, 0.0539798), (0.249964, 0.0425816), (0.870535, 0.680101), (0.868852, 0.682241), (0.868426, 0.679304), (0.246245, 0.0539798), (0.241163, 0.0388352), (0.249964, 0.0425816), (0.870596, 0.671937), (0.870536, 0.674318), (0.866663, 0.672197), (0.851842, 0.571796), (0.85406, 0.57119), (0.851988, 0.573928), (0.142312, 0.153217), (0.144695, 0.159621), (0.141294, 0.154863), (0.917692, 0.794964), (0.917624, 0.788771), (0.919281, 0.792234), (0.12307, 0.203426), (0.124386, 0.202279), (0.125587, 0.208711), (0.970793, 0.579092), (0.971435, 0.582091), (0.970372, 0.581212), (0.91257, 0.799725), (0.912084, 0.804292), (0.911408, 0.801955), (0.885691, 0.711721), (0.888214, 0.709881), (0.891057, 0.715283), (0.862912, 0.612355), (0.863689, 0.614091), (0.859488, 0.614198), (0.873337, 0.72693), (0.871109, 0.72616), (0.870451, 0.721791), (0.925204, 0.849014), (0.925231, 0.843418), (0.928386, 0.845557), (0.885738, 0.713576), (0.887656, 0.719959), (0.884199, 0.71637), (0.890647, 0.774261), (0.894148, 0.772709), (0.894203, 0.77585), (0.880173, 0.730862), (0.881179, 0.73667), (0.879209, 0.736083), (0.858367, 0.63619), (0.85599, 0.636339), (0.858519, 0.633212), (0.251462, 0.0515918), (0.249964, 0.0425816), (0.253997, 0.0501069), (0.872208, 0.719254), (0.873337, 0.72693), (0.870451, 0.721791), (0.854283, 0.668616), (0.85698, 0.665922), (0.856285, 0.670031), (0.868843, 0.656728), (0.871989, 0.656693), (0.87434, 0.658937), (0.974567, 0.740792), (0.973977, 0.732404), (0.977243, 0.739196), (0.916319, 0.797052), (0.91787, 0.797643), (0.918366, 0.800281), (0.126162, 0.148536), (0.1292, 0.142539), (0.131813, 0.145387), (0.246926, 0.0624982), (0.245033, 0.0621265), (0.247468, 0.0606851), (0.21569, 0.106123), (0.215487, 0.104014), (0.219735, 0.107348), (0.126162, 0.148536), (0.131813, 0.145387), (0.127786, 0.149653), (0.965193, 0.789466), (0.963399, 0.790691), (0.96282, 0.788109), (0.224044, 0.113135), (0.220783, 0.11091), (0.226413, 0.109219), (0.761422, 0.0162635), (0.750385, 0.0150923), (0.762339, 0.0123479), (0.219735, 0.107348), (0.226413, 0.109219), (0.220783, 0.11091), (0.841264, 0.600114), (0.838069, 0.599243), (0.839236, 0.596578), (0.924653, 0.813802), (0.926618, 0.818064), (0.924991, 0.817274), (0.74572, 0.0226468), (0.761422, 0.0162635), (0.759975, 0.019847), (0.89615, 0.710766), (0.892895, 0.708758), (0.894228, 0.70676), (0.870596, 0.671937), (0.868022, 0.67027), (0.870359, 0.669618), (0.881179, 0.73667), (0.879427, 0.738589), (0.879209, 0.736083), (0.892147, 0.756545), (0.888762, 0.750756), (0.893477, 0.752924), (0.904968, 0.781799), (0.901274, 0.776345), (0.902578, 0.775149), (0.220783, 0.11091), (0.219352, 0.109647), (0.219735, 0.107348), (0.859488, 0.614198), (0.863689, 0.614091), (0.86293, 0.618632), (0.91257, 0.799725), (0.914353, 0.805893), (0.912084, 0.804292), (0.851714, 0.578541), (0.853577, 0.580168), (0.850735, 0.581249), (0.870006, 0.66004), (0.8689, 0.658013), (0.871745, 0.658241), (0.218093, 0.104027), (0.219735, 0.107348), (0.215487, 0.104014), (0.745592, 0.0115385), (0.762339, 0.0123479), (0.750385, 0.0150923), (0.924653, 0.813802), (0.924991, 0.817274), (0.923741, 0.814714), (0.887334, 0.714329), (0.891057, 0.715283), (0.888533, 0.71753), (0.969787, 0.541911), (0.984043, 0.539111), (0.978709, 0.545555), (0.74572, 0.0226468), (0.750385, 0.0150923), (0.761422, 0.0162635), (0.919089, 0.80233), (0.918366, 0.800281), (0.920373, 0.803866), (0.91717, 0.825439), (0.919916, 0.827166), (0.918475, 0.829914), (0.914353, 0.805893), (0.914487, 0.809093), (0.912116, 0.806634), (0.855716, 0.585975), (0.852703, 0.58477), (0.852641, 0.58283), (0.826272, 0.552828), (0.832944, 0.549918), (0.828965, 0.553427), (0.218093, 0.104027), (0.223517, 0.105134), (0.219735, 0.107348), (0.975448, 0.670507), (0.979092, 0.673572), (0.970581, 0.678288), (0.974567, 0.740792), (0.971096, 0.733722), (0.973977, 0.732404), (0.882686, 0.746372), (0.880934, 0.746539), (0.879427, 0.738589), (0.853804, 0.574648), (0.855455, 0.57662), (0.85298, 0.575738), (0.925665, 0.82067), (0.924991, 0.817274), (0.927133, 0.820553), (0.868852, 0.682241), (0.866662, 0.682507), (0.868426, 0.679304), (0.924991, 0.817274), (0.926618, 0.818064), (0.927133, 0.820553), (0.246245, 0.0539798), (0.233422, 0.0523877), (0.241163, 0.0388352), (0.903853, 0.745887), (0.900365, 0.746628), (0.901188, 0.743779), (0.96493, 0.645806), (0.961833, 0.643313), (0.968836, 0.644241), (0.864544, 0.637366), (0.863416, 0.635784), (0.868554, 0.632131), (0.86675, 0.659901), (0.864601, 0.657055), (0.8689, 0.658013), (0.841264, 0.600114), (0.840376, 0.60759), (0.838069, 0.599243), (0.923965, 0.822512), (0.919469, 0.822285), (0.921917, 0.818858), (0.894367, 0.777856), (0.896881, 0.77551), (0.89563, 0.779024), (0.914353, 0.805893), (0.912116, 0.806634), (0.912084, 0.804292), (0.864544, 0.637366), (0.868554, 0.632131), (0.868072, 0.636765), (0.867121, 0.610513), (0.865, 0.607077), (0.867027, 0.606313), (0.847456, 0.58026), (0.848572, 0.58274), (0.845304, 0.582843), (0.747957, 0.00270313), (0.750162, 0.00369728), (0.745786, 0.00345749), (0.971841, 0.58677), (0.973697, 0.589364), (0.972151, 0.593004), (0.903853, 0.745887), (0.900535, 0.750426), (0.900365, 0.746628), (0.963299, 0.645214), (0.961833, 0.643313), (0.96493, 0.645806), (0.85599, 0.636339), (0.858367, 0.63619), (0.859132, 0.639314), (0.838728, 0.595559), (0.838069, 0.599243), (0.837201, 0.596605), (0.838728, 0.595559), (0.839236, 0.596578), (0.838069, 0.599243), (0.745786, 0.00345749), (0.750162, 0.00369728), (0.745527, 0.00535893), (0.845823, 0.534078), (0.849605, 0.533266), (0.849547, 0.535972), (0.853577, 0.580168), (0.851714, 0.578541), (0.853303, 0.577257), (0.745527, 0.00535893), (0.750162, 0.00369728), (0.753053, 0.00677794), (0.895416, 0.772485), (0.896881, 0.77551), (0.894203, 0.77585), (0.234926, 0.120217), (0.236262, 0.115305), (0.239089, 0.121751), (0.925118, 0.854283), (0.927611, 0.854731), (0.92932, 0.858887), (0.251462, 0.0515918), (0.253997, 0.0501069), (0.254109, 0.0522779), (0.217176, 0.102078), (0.214068, 0.102894), (0.21295, 0.0992084), (0.841264, 0.600114), (0.839236, 0.596578), (0.841168, 0.594967), (0.844309, 0.643264), (0.842879, 0.648274), (0.840568, 0.640958), (0.24064, 0.117107), (0.239089, 0.121751), (0.238415, 0.117064), (0.852641, 0.58283), (0.850735, 0.581249), (0.853577, 0.580168), (0.887656, 0.719959), (0.886108, 0.724078), (0.885393, 0.720644), (0.893762, 0.736622), (0.894019, 0.743275), (0.892783, 0.74196), (0.979007, 0.623497), (0.974243, 0.626576), (0.97416, 0.623599), (0.848199, 0.591705), (0.847661, 0.585499), (0.850055, 0.586146), (0.88258, 0.674054), (0.883243, 0.681631), (0.881197, 0.678164), (0.903643, 0.783486), (0.902921, 0.785147), (0.901191, 0.781368), (0.866981, 0.667229), (0.86986, 0.664857), (0.870359, 0.669618), (0.88258, 0.674054), (0.884911, 0.681764), (0.883243, 0.681631), (0.962306, 0.797406), (0.961668, 0.795515), (0.963624, 0.796756), (0.848395, 0.539839), (0.849547, 0.535972), (0.85029, 0.540552), (0.929318, 0.852579), (0.929716, 0.854602), (0.927611, 0.854731), (0.840936, 0.576769), (0.84373, 0.576197), (0.843807, 0.578975), (0.919089, 0.80233), (0.920373, 0.803866), (0.919636, 0.804345), (0.293269, 0.103649), (0.284891, 0.105185), (0.288512, 0.102545), (0.892166, 0.736198), (0.893762, 0.736622), (0.892783, 0.74196), (0.920263, 0.80682), (0.919636, 0.804345), (0.922563, 0.809039), (0.919916, 0.827166), (0.920774, 0.829697), (0.918475, 0.829914), (0.853577, 0.580168), (0.853303, 0.577257), (0.855416, 0.582438), (0.850055, 0.586146), (0.847661, 0.585499), (0.848572, 0.58274), (0.871386, 0.70461), (0.871795, 0.701515), (0.874899, 0.707949), (0.918366, 0.800281), (0.919761, 0.799968), (0.920373, 0.803866), (0.922396, 0.80124), (0.919761, 0.799968), (0.920148, 0.795745), (0.144695, 0.159621), (0.142312, 0.153217), (0.148211, 0.15539), (0.973954, 0.630433), (0.974243, 0.626576), (0.977825, 0.630353), (0.889569, 0.721702), (0.890669, 0.719427), (0.890751, 0.723969), (0.849749, 0.57587), (0.85298, 0.575738), (0.851714, 0.578541), (0.914353, 0.805893), (0.91257, 0.799725), (0.914083, 0.801164), (0.889485, 0.704257), (0.890587, 0.707805), (0.886902, 0.705302), (0.866674, 0.599982), (0.867027, 0.606313), (0.863509, 0.605887), (0.869466, 0.686302), (0.869048, 0.688524), (0.867204, 0.6847), (0.893477, 0.752924), (0.895197, 0.753623), (0.89572, 0.757003), (0.849749, 0.57587), (0.850954, 0.574182), (0.85298, 0.575738), (0.893477, 0.752924), (0.89572, 0.757003), (0.892147, 0.756545), (0.148211, 0.15539), (0.151977, 0.158362), (0.144695, 0.159621), (0.217176, 0.102078), (0.21295, 0.0992084), (0.21637, 0.0973835), (0.970887, 0.594021), (0.972584, 0.597157), (0.973312, 0.600649), (0.1292, 0.142539), (0.131717, 0.142316), (0.131813, 0.145387), (0.744306, 0.00905806), (0.745527, 0.00535893), (0.753053, 0.00677794), (0.831525, 0.589358), (0.829395, 0.598159), (0.827129, 0.593693), (0.859735, 0.634493), (0.863416, 0.635784), (0.861147, 0.638012), (0.745592, 0.0115385), (0.744306, 0.00905806), (0.753053, 0.00677794), (0.849749, 0.57587), (0.851714, 0.578541), (0.849696, 0.577939), (0.853577, 0.580168), (0.855416, 0.582438), (0.852641, 0.58283), (0.963413, 0.786314), (0.965193, 0.789466), (0.96282, 0.788109), (0.90828, 0.783358), (0.905727, 0.788121), (0.904968, 0.781799), (0.895181, 0.746692), (0.897277, 0.748471), (0.893686, 0.749879), (0.838069, 0.599243), (0.840376, 0.60759), (0.836905, 0.604951), (0.845823, 0.534078), (0.849547, 0.535972), (0.848395, 0.539839), (0.86986, 0.664857), (0.871221, 0.666631), (0.870359, 0.669618), (0.85657, 0.673573), (0.85459, 0.671474), (0.856285, 0.670031), (0.864707, 0.616987), (0.86293, 0.618632), (0.863689, 0.614091), (0.919587, 0.833947), (0.918191, 0.831961), (0.921023, 0.832494), (0.868852, 0.682241), (0.869466, 0.686302), (0.867204, 0.6847), (0.863509, 0.605887), (0.862841, 0.600747), (0.866674, 0.599982), (0.85459, 0.671474), (0.854283, 0.668616), (0.856285, 0.670031), (0.980253, 0.707197), (0.979076, 0.709885), (0.971567, 0.707222), (0.226413, 0.109219), (0.219735, 0.107348), (0.223517, 0.105134), (0.896877, 0.744729), (0.895181, 0.746692), (0.894019, 0.743275), (0.851714, 0.578541), (0.85298, 0.575738), (0.853303, 0.577257), (0.869466, 0.686302), (0.871216, 0.686169), (0.869048, 0.688524), (0.739, 0.00621688), (0.745527, 0.00535893), (0.744306, 0.00905806), (0.864823, 0.644761), (0.863497, 0.642056), (0.864544, 0.637366), (0.923965, 0.822512), (0.921917, 0.818858), (0.925665, 0.82067), (0.859735, 0.634493), (0.861147, 0.638012), (0.858367, 0.63619), (0.892147, 0.756545), (0.894135, 0.761823), (0.890758, 0.75799), (0.896877, 0.744729), (0.897277, 0.748471), (0.895181, 0.746692), (0.887656, 0.719959), (0.889664, 0.72653), (0.886108, 0.724078), (0.920148, 0.795745), (0.923268, 0.795481), (0.922396, 0.80124), (0.965193, 0.789466), (0.963413, 0.786314), (0.9666, 0.782147), (0.851714, 0.578541), (0.850735, 0.581249), (0.849696, 0.577939), (0.234926, 0.120217), (0.235025, 0.115421), (0.236262, 0.115305), (0.880173, 0.730862), (0.882822, 0.734312), (0.881179, 0.73667), (0.920774, 0.829697), (0.918191, 0.831961), (0.918475, 0.829914), (0.925118, 0.854283), (0.927816, 0.851402), (0.927611, 0.854731), (0.868852, 0.682241), (0.867204, 0.6847), (0.866662, 0.682507), (0.929318, 0.852579), (0.927611, 0.854731), (0.927816, 0.851402), (0.888533, 0.71753), (0.891057, 0.715283), (0.890669, 0.719427), (0.90828, 0.783358), (0.908793, 0.788747), (0.905727, 0.788121), (0.895416, 0.772485), (0.894203, 0.77585), (0.894148, 0.772709), (0.898429, 0.746395), (0.897277, 0.748471), (0.896877, 0.744729), (0.842667, 0.570932), (0.845592, 0.569598), (0.847202, 0.573718), (0.921023, 0.832494), (0.918191, 0.831961), (0.920774, 0.829697), (0.24064, 0.117107), (0.243149, 0.11934), (0.239089, 0.121751), (0.913957, 0.789037), (0.913612, 0.786342), (0.917624, 0.788771), (0.962394, 0.812854), (0.960594, 0.821261), (0.960667, 0.816229), (0.899297, 0.73779), (0.8962, 0.738685), (0.898546, 0.735397), (0.863509, 0.605887), (0.867027, 0.606313), (0.865, 0.607077), (0.970581, 0.678288), (0.979092, 0.673572), (0.974383, 0.680047), (0.924672, 0.824977), (0.923109, 0.824886), (0.923965, 0.822512), (0.872926, 0.630906), (0.872241, 0.636268), (0.869994, 0.636051), (0.903363, 0.77253), (0.905404, 0.77739), (0.902578, 0.775149), (0.963139, 0.818555), (0.960594, 0.821261), (0.962394, 0.812854), (0.905404, 0.77739), (0.904968, 0.781799), (0.902578, 0.775149), (0.903643, 0.783486), (0.900687, 0.779248), (0.904968, 0.781799), (0.914083, 0.801164), (0.916487, 0.805753), (0.914353, 0.805893), (0.741662, 0.0137616), (0.745592, 0.0115385), (0.750385, 0.0150923), (0.971435, 0.582091), (0.969086, 0.584283), (0.970372, 0.581212), (0.847661, 0.585499), (0.848199, 0.591705), (0.845312, 0.591772), (0.127786, 0.149653), (0.131711, 0.152138), (0.126973, 0.153277), (0.14979, 0.164725), (0.14949, 0.160957), (0.153075, 0.163722), (0.869541, 0.643132), (0.864823, 0.644761), (0.864544, 0.637366), (0.894135, 0.761823), (0.893237, 0.764732), (0.890758, 0.75799), (0.858367, 0.63619), (0.861147, 0.638012), (0.859132, 0.639314), (0.337028, 0.0761498), (0.342711, 0.0765921), (0.334542, 0.0819384), (0.832349, 0.584098), (0.835562, 0.589947), (0.831525, 0.589358), (0.846407, 0.638392), (0.844309, 0.643264), (0.84286, 0.638247), (0.875085, 0.73635), (0.875237, 0.732875), (0.876692, 0.73671), (0.970887, 0.594021), (0.973312, 0.600649), (0.971655, 0.603858), (0.896881, 0.77551), (0.894367, 0.777856), (0.894203, 0.77585), (0.962889, 0.793274), (0.965193, 0.789466), (0.963624, 0.796756), (0.869541, 0.643132), (0.864544, 0.637366), (0.868072, 0.636765), (0.913957, 0.789037), (0.917624, 0.788771), (0.915662, 0.791009), (0.8962, 0.738685), (0.894909, 0.736342), (0.898546, 0.735397), (0.904968, 0.781799), (0.908561, 0.781619), (0.90828, 0.783358), (0.84622, 0.615187), (0.850239, 0.611645), (0.848544, 0.622183), (0.853303, 0.577257), (0.85298, 0.575738), (0.855455, 0.57662), (0.839742, 0.547627), (0.84438, 0.547822), (0.842462, 0.549687), (0.862841, 0.600747), (0.865874, 0.595161), (0.866674, 0.599982), (0.870535, 0.680101), (0.872672, 0.684574), (0.868852, 0.682241), (0.900687, 0.779248), (0.901274, 0.776345), (0.904968, 0.781799), (0.898076, 0.743008), (0.8962, 0.738685), (0.899297, 0.73779), (0.963139, 0.818555), (0.963584, 0.824508), (0.960594, 0.821261), (0.890587, 0.707805), (0.889485, 0.704257), (0.892895, 0.708758), (0.845823, 0.534078), (0.848395, 0.539839), (0.844943, 0.541864), (0.743616, 0.0183095), (0.741662, 0.0137616), (0.750385, 0.0150923), (0.963334, 0.891958), (0.959391, 0.893112), (0.962606, 0.886562), (0.857306, 0.663939), (0.859197, 0.665871), (0.85698, 0.665922), (0.960594, 0.821261), (0.963584, 0.824508), (0.962001, 0.826013), (0.74572, 0.0226468), (0.743616, 0.0183095), (0.750385, 0.0150923), (0.85698, 0.665922), (0.859197, 0.665871), (0.856285, 0.670031), (0.963624, 0.796756), (0.965193, 0.789466), (0.966063, 0.792579), (0.843807, 0.578975), (0.847456, 0.58026), (0.845304, 0.582843), (0.965455, 0.754509), (0.965892, 0.756184), (0.961213, 0.755568), (0.882686, 0.746372), (0.884422, 0.750081), (0.882444, 0.75129), (0.862841, 0.600747), (0.863347, 0.597045), (0.865874, 0.595161), (0.868852, 0.682241), (0.871216, 0.686169), (0.869466, 0.686302), (0.890669, 0.719427), (0.891057, 0.715283), (0.894773, 0.717297), (0.917692, 0.794964), (0.915662, 0.791009), (0.917624, 0.788771), (0.969787, 0.541911), (0.968172, 0.544364), (0.967684, 0.537574), (0.874349, 0.702849), (0.874899, 0.707949), (0.871795, 0.701515), (0.966939, 0.650451), (0.96493, 0.645806), (0.968836, 0.644241), (0.867354, 0.720392), (0.869515, 0.71465), (0.872208, 0.719254), (0.831525, 0.589358), (0.832306, 0.597505), (0.829395, 0.598159), (0.898076, 0.743008), (0.901188, 0.743779), (0.900365, 0.746628), (0.84438, 0.547822), (0.839742, 0.547627), (0.845023, 0.544893), (0.963624, 0.796756), (0.966063, 0.792579), (0.966229, 0.796856), (0.240538, 0.0608262), (0.233422, 0.0523877), (0.246245, 0.0539798), (0.923965, 0.822512), (0.925665, 0.82067), (0.924672, 0.824977), (0.896881, 0.77551), (0.895416, 0.772485), (0.897109, 0.771618), (0.869541, 0.643132), (0.869994, 0.636051), (0.87424, 0.641076), (0.883689, 0.739637), (0.881179, 0.73667), (0.882822, 0.734312), (0.871773, 0.642485), (0.869541, 0.643132), (0.87424, 0.641076), (0.900535, 0.750426), (0.898429, 0.746395), (0.900365, 0.746628), (0.844309, 0.643264), (0.846407, 0.638392), (0.850345, 0.643687), (0.869994, 0.636051), (0.872241, 0.636268), (0.873294, 0.637972), (0.288512, 0.102545), (0.293275, 0.0994151), (0.293269, 0.103649), (0.832306, 0.597505), (0.831525, 0.589358), (0.835562, 0.589947), (0.924991, 0.817274), (0.925665, 0.82067), (0.921917, 0.818858), (0.872789, 0.730641), (0.87147, 0.730649), (0.871109, 0.72616), (0.859388, 0.585216), (0.86, 0.587155), (0.857545, 0.583395), (0.863347, 0.597045), (0.86085, 0.592802), (0.865045, 0.594168), (0.896383, 0.759845), (0.894135, 0.761823), (0.892147, 0.756545), (0.854251, 0.611069), (0.855501, 0.60746), (0.856025, 0.610852), (0.931322, 0.851648), (0.929318, 0.852579), (0.930779, 0.850526), (0.871901, 0.7144), (0.872208, 0.719254), (0.869515, 0.71465), (0.850735, 0.581249), (0.848572, 0.58274), (0.847456, 0.58026), (0.97743, 0.685677), (0.97075, 0.685652), (0.974383, 0.680047), (0.251462, 0.0515918), (0.254109, 0.0522779), (0.250277, 0.0577647), (0.872672, 0.684574), (0.871216, 0.686169), (0.868852, 0.682241), (0.87424, 0.641076), (0.869994, 0.636051), (0.873294, 0.637972), (0.925204, 0.849014), (0.930779, 0.850526), (0.927816, 0.851402), (0.898076, 0.743008), (0.900365, 0.746628), (0.898429, 0.746395), (0.251462, 0.0515918), (0.250277, 0.0577647), (0.246245, 0.0539798), (0.849047, 0.649393), (0.842879, 0.648274), (0.844309, 0.643264), (0.886244, 0.726296), (0.888612, 0.727576), (0.886628, 0.728452), (0.898076, 0.743008), (0.898429, 0.746395), (0.896877, 0.744729), (0.903363, 0.77253), (0.905414, 0.772424), (0.907575, 0.776818), (0.905404, 0.77739), (0.903363, 0.77253), (0.907575, 0.776818), (0.891207, 0.766974), (0.894047, 0.768121), (0.892678, 0.770649), (0.898429, 0.746395), (0.900535, 0.750426), (0.897277, 0.748471), (0.129132, 0.155064), (0.126973, 0.153277), (0.131711, 0.152138), (0.960395, 0.87535), (0.962355, 0.873119), (0.962723, 0.876959), (0.856025, 0.610852), (0.855156, 0.614155), (0.854251, 0.611069), (0.859558, 0.662136), (0.855003, 0.661276), (0.860257, 0.660093), (0.872789, 0.730641), (0.875085, 0.73635), (0.87147, 0.730649), (0.961791, 0.7627), (0.963199, 0.763171), (0.963396, 0.76821), (0.972016, 0.718441), (0.981643, 0.713648), (0.980067, 0.718256), (0.250277, 0.0577647), (0.254109, 0.0522779), (0.250573, 0.0588247), (0.927133, 0.820553), (0.928451, 0.824945), (0.925665, 0.82067), (0.905727, 0.788121), (0.905304, 0.792067), (0.902464, 0.788225), (0.90718, 0.778053), (0.904968, 0.781799), (0.905404, 0.77739), (0.962723, 0.876959), (0.961869, 0.881009), (0.960395, 0.87535), (0.922884, 0.834134), (0.921023, 0.832494), (0.920774, 0.829697), (0.884422, 0.750081), (0.885251, 0.753042), (0.882444, 0.75129), (0.972501, 0.627903), (0.971435, 0.627574), (0.974243, 0.626576), (0.908561, 0.781619), (0.904968, 0.781799), (0.90718, 0.778053), (0.925168, 0.8314), (0.920774, 0.829697), (0.919916, 0.827166), (0.876917, 0.708535), (0.874899, 0.707949), (0.877913, 0.703862), (0.896843, 0.755072), (0.89572, 0.757003), (0.895197, 0.753623), (0.893686, 0.749879), (0.895197, 0.753623), (0.893477, 0.752924), (0.925168, 0.8314), (0.922884, 0.834134), (0.920774, 0.829697), (0.889668, 0.733018), (0.888709, 0.736649), (0.888179, 0.73494), (0.856285, 0.670031), (0.859197, 0.665871), (0.861364, 0.669863), (0.865872, 0.662571), (0.86986, 0.664857), (0.866981, 0.667229), (0.914487, 0.809093), (0.917294, 0.811138), (0.914017, 0.813076), (0.844943, 0.541864), (0.843373, 0.537873), (0.845823, 0.534078), (0.924672, 0.824977), (0.925665, 0.82067), (0.927734, 0.826154), (0.895314, 0.766683), (0.894047, 0.768121), (0.893237, 0.764732), (0.872789, 0.730641), (0.875237, 0.732875), (0.875085, 0.73635), (0.966796, 0.741446), (0.965403, 0.737194), (0.965344, 0.733103), (0.745786, 0.00345749), (0.745527, 0.00535893), (0.739, 0.00621688), (0.859132, 0.639314), (0.86005, 0.643347), (0.856258, 0.643202), (0.870596, 0.671937), (0.872741, 0.670484), (0.877951, 0.671363), (0.870596, 0.671937), (0.877951, 0.671363), (0.875729, 0.673689), (0.121539, 0.209705), (0.12307, 0.203426), (0.125587, 0.208711), (0.979173, 0.649983), (0.976455, 0.647), (0.983605, 0.642161), (0.895197, 0.753623), (0.893686, 0.749879), (0.896843, 0.755072), (0.835562, 0.589947), (0.832349, 0.584098), (0.834713, 0.582272), (0.834713, 0.582272), (0.836895, 0.587012), (0.835562, 0.589947), (0.919587, 0.833947), (0.921023, 0.832494), (0.91944, 0.836327), (0.961061, 0.769609), (0.963396, 0.76821), (0.962839, 0.769484), (0.846292, 0.549525), (0.84334, 0.551474), (0.844404, 0.549286), (0.847107, 0.555892), (0.848433, 0.561713), (0.846404, 0.558721), (0.121539, 0.209705), (0.125388, 0.211201), (0.123367, 0.213099), (0.887685, 0.731281), (0.889668, 0.733018), (0.888179, 0.73494), (0.849115, 0.595946), (0.846353, 0.59598), (0.848199, 0.591705), (0.873258, 0.675817), (0.870596, 0.671937), (0.875729, 0.673689), (0.131711, 0.152138), (0.127786, 0.149653), (0.133406, 0.149812), (0.121539, 0.209705), (0.125587, 0.208711), (0.125388, 0.211201), (0.927734, 0.826154), (0.925665, 0.82067), (0.928451, 0.824945), (0.829293, 0.599576), (0.829395, 0.598159), (0.832306, 0.597505), (0.917692, 0.794964), (0.919281, 0.792234), (0.920148, 0.795745), (0.90718, 0.778053), (0.905404, 0.77739), (0.907575, 0.776818), (0.123367, 0.213099), (0.125388, 0.211201), (0.126798, 0.214395), (0.85695, 0.619994), (0.856086, 0.620578), (0.856769, 0.61767), (0.151977, 0.158362), (0.153075, 0.163722), (0.14949, 0.160957), (0.853876, 0.567643), (0.855751, 0.568888), (0.85406, 0.57119), (0.844404, 0.549286), (0.84334, 0.551474), (0.842462, 0.549687), (0.905727, 0.788121), (0.902464, 0.788225), (0.902921, 0.785147), (0.745786, 0.00345749), (0.739, 0.00621688), (0.739239, 0.00352484), (0.920148, 0.795745), (0.919761, 0.799968), (0.917692, 0.794964), (0.856777, 0.571695), (0.85406, 0.57119), (0.855751, 0.568888), (0.960528, 0.850307), (0.957378, 0.845192), (0.963178, 0.84653), (0.873337, 0.72693), (0.872789, 0.730641), (0.871109, 0.72616), (0.905727, 0.788121), (0.902921, 0.785147), (0.903643, 0.783486), (0.870535, 0.680101), (0.868426, 0.679304), (0.868677, 0.674854), (0.884422, 0.750081), (0.882686, 0.746372), (0.884366, 0.746475), (0.895504, 0.790913), (0.898831, 0.790629), (0.896762, 0.794754), (0.897109, 0.771618), (0.895416, 0.772485), (0.894047, 0.768121), (0.874349, 0.702849), (0.871795, 0.701515), (0.87434, 0.699277), (0.874423, 0.645008), (0.871773, 0.642485), (0.872939, 0.642285), (0.926618, 0.818064), (0.924653, 0.813802), (0.92974, 0.815958), (0.895314, 0.766683), (0.897109, 0.771618), (0.894047, 0.768121), (0.970972, 0.693573), (0.97743, 0.685677), (0.979042, 0.691349), (0.855945, 0.664376), (0.857306, 0.663939), (0.85698, 0.665922), (0.961061, 0.769609), (0.962839, 0.769484), (0.96291, 0.77206), (0.872789, 0.730641), (0.873337, 0.72693), (0.875999, 0.729474), (0.850239, 0.611645), (0.851229, 0.606282), (0.853747, 0.60875), (0.91944, 0.836327), (0.921023, 0.832494), (0.922884, 0.834134), (0.744306, 0.00905806), (0.738608, 0.0104468), (0.739, 0.00621688), (0.908561, 0.781619), (0.90718, 0.778053), (0.908747, 0.779968), (0.893686, 0.749879), (0.897277, 0.748471), (0.896843, 0.755072), (0.84556, 0.554368), (0.846404, 0.558721), (0.843784, 0.556112), (0.126798, 0.214395), (0.120979, 0.215265), (0.123367, 0.213099), (0.875237, 0.732875), (0.872789, 0.730641), (0.875999, 0.729474), (0.853747, 0.60875), (0.854251, 0.611069), (0.850239, 0.611645), (0.958707, 0.708409), (0.957815, 0.704424), (0.963633, 0.703554), (0.852421, 0.588153), (0.848199, 0.591705), (0.850055, 0.586146), (0.962723, 0.876959), (0.96386, 0.880272), (0.961869, 0.881009), (0.857306, 0.663939), (0.859143, 0.663668), (0.859197, 0.665871), (0.91944, 0.836327), (0.922884, 0.834134), (0.921079, 0.836739), (0.876204, 0.675716), (0.875568, 0.680496), (0.874254, 0.678204), (0.857306, 0.663939), (0.855945, 0.664376), (0.855003, 0.661276), (0.848199, 0.591705), (0.852551, 0.591995), (0.849115, 0.595946), (0.933279, 0.841748), (0.935058, 0.839173), (0.937771, 0.844167), (0.848199, 0.591705), (0.852421, 0.588153), (0.852551, 0.591995), (0.874145, 0.647172), (0.871773, 0.642485), (0.874423, 0.645008), (0.856719, 0.573108), (0.85406, 0.57119), (0.856777, 0.571695), (0.894135, 0.761823), (0.895314, 0.766683), (0.893237, 0.764732), (0.84556, 0.554368), (0.847107, 0.555892), (0.846404, 0.558721), (0.922917, 0.837354), (0.921079, 0.836739), (0.922884, 0.834134), (0.846292, 0.549525), (0.844404, 0.549286), (0.84438, 0.547822), (0.915662, 0.791009), (0.917692, 0.794964), (0.915694, 0.794151), (0.284806, 0.111268), (0.278552, 0.115083), (0.276135, 0.10926), (0.971608, 0.69758), (0.976293, 0.697489), (0.978884, 0.702649), (0.857306, 0.663939), (0.855003, 0.661276), (0.859558, 0.662136), (0.127028, 0.209344), (0.125388, 0.211201), (0.125587, 0.208711), (0.870536, 0.674318), (0.868677, 0.674854), (0.866663, 0.672197), (0.892776, 0.744943), (0.891283, 0.748861), (0.890382, 0.744968), (0.852983, 0.616848), (0.850239, 0.611645), (0.854251, 0.611069), (0.842462, 0.549687), (0.84334, 0.551474), (0.839688, 0.552401), (0.860678, 0.584116), (0.860779, 0.579107), (0.86258, 0.578363), (0.860678, 0.584116), (0.857855, 0.581014), (0.860779, 0.579107), (0.861567, 0.665321), (0.859197, 0.665871), (0.859143, 0.663668), (0.963428, 0.773504), (0.967198, 0.771759), (0.96612, 0.776659), (0.856086, 0.620578), (0.85695, 0.619994), (0.857142, 0.623125), (0.884792, 0.688966), (0.881985, 0.684801), (0.883243, 0.681631), (0.962144, 0.651491), (0.969373, 0.650509), (0.965232, 0.655334), (0.856719, 0.573108), (0.856777, 0.571695), (0.859563, 0.573472), (0.896651, 0.726342), (0.893427, 0.729742), (0.895347, 0.722317), (0.859558, 0.662136), (0.859143, 0.663668), (0.857306, 0.663939), (0.969674, 0.593032), (0.970887, 0.594021), (0.968463, 0.597289), (0.961061, 0.769609), (0.961791, 0.7627), (0.963396, 0.76821), (0.872241, 0.636268), (0.872926, 0.630906), (0.874285, 0.635762), (0.860678, 0.584116), (0.86258, 0.578363), (0.863971, 0.579973), (0.920217, 0.786977), (0.918252, 0.781795), (0.923488, 0.789555), (0.250277, 0.0577647), (0.247468, 0.0606851), (0.246245, 0.0539798), (0.896651, 0.726342), (0.896834, 0.730887), (0.893427, 0.729742), (0.861, 0.586166), (0.860678, 0.584116), (0.863971, 0.579973), (0.871901, 0.7144), (0.875243, 0.720512), (0.872208, 0.719254), (0.917692, 0.794964), (0.919761, 0.799968), (0.91787, 0.797643), (0.854209, 0.601595), (0.852936, 0.597594), (0.855676, 0.597858), (0.844404, 0.549286), (0.842462, 0.549687), (0.84438, 0.547822), (0.904968, 0.781799), (0.905727, 0.788121), (0.903643, 0.783486), (0.211339, 0.0949888), (0.214162, 0.0954298), (0.212136, 0.0976619), (0.125388, 0.211201), (0.127028, 0.209344), (0.126798, 0.214395), (0.850055, 0.586146), (0.848572, 0.58274), (0.850735, 0.581249), (0.872241, 0.636268), (0.874285, 0.635762), (0.873294, 0.637972), (0.910395, 0.784158), (0.911317, 0.79023), (0.908793, 0.788747), (0.97416, 0.623599), (0.974929, 0.621281), (0.979007, 0.623497), (0.962606, 0.886562), (0.961869, 0.881009), (0.96386, 0.880272), (0.861672, 0.639908), (0.863497, 0.642056), (0.861522, 0.644358), (0.853876, 0.567643), (0.855324, 0.566188), (0.855751, 0.568888), (0.885011, 0.735285), (0.884831, 0.738043), (0.883689, 0.739637), (0.882822, 0.734312), (0.885011, 0.735285), (0.883689, 0.739637), (0.873258, 0.675817), (0.870536, 0.674318), (0.870596, 0.671937), (0.84882, 0.570919), (0.847202, 0.573718), (0.845592, 0.569598), (0.870535, 0.680101), (0.868677, 0.674854), (0.870536, 0.674318), (0.892776, 0.744943), (0.893686, 0.749879), (0.891283, 0.748861), (0.963584, 0.824508), (0.961285, 0.830807), (0.962001, 0.826013), (0.897969, 0.768237), (0.897109, 0.771618), (0.895314, 0.766683), (0.860805, 0.597851), (0.855676, 0.597858), (0.855033, 0.59322), (0.875085, 0.73635), (0.877192, 0.739345), (0.876882, 0.742303), (0.126798, 0.214395), (0.127028, 0.209344), (0.12818, 0.218262), (0.896834, 0.730887), (0.896651, 0.726342), (0.900507, 0.730247), (0.923268, 0.795481), (0.920217, 0.786977), (0.923488, 0.789555), (0.908561, 0.781619), (0.909067, 0.783131), (0.90828, 0.783358), (0.220623, 0.101104), (0.218093, 0.104027), (0.217176, 0.102078), (0.897969, 0.768237), (0.898196, 0.770674), (0.897109, 0.771618), (0.916487, 0.805753), (0.918264, 0.808161), (0.916631, 0.807389), (0.877192, 0.739345), (0.875085, 0.73635), (0.876692, 0.73671), (0.910395, 0.784158), (0.909067, 0.783131), (0.908561, 0.781619), (0.273198, 0.112366), (0.276135, 0.10926), (0.278552, 0.115083), (0.86005, 0.643347), (0.8614, 0.649472), (0.856258, 0.643202), (0.908793, 0.788747), (0.90828, 0.783358), (0.909067, 0.783131), (0.962144, 0.651491), (0.966939, 0.650451), (0.969373, 0.650509), (0.884366, 0.746475), (0.88904, 0.752468), (0.884422, 0.750081), (0.919636, 0.804345), (0.916487, 0.805753), (0.914083, 0.801164), (0.909067, 0.783131), (0.910395, 0.784158), (0.908793, 0.788747), (0.896834, 0.730887), (0.900507, 0.730247), (0.898571, 0.733178), (0.967198, 0.771759), (0.969025, 0.775796), (0.96612, 0.776659), (0.979042, 0.691349), (0.976293, 0.697489), (0.970972, 0.693573), (0.96591, 0.601146), (0.968463, 0.597289), (0.971655, 0.603858), (0.896762, 0.794754), (0.898831, 0.790629), (0.899577, 0.792867), (0.874899, 0.707949), (0.874349, 0.702849), (0.877913, 0.703862), (0.131813, 0.145387), (0.133406, 0.149812), (0.127786, 0.149653), (0.284806, 0.111268), (0.279807, 0.10704), (0.284891, 0.105185), (0.874235, 0.66852), (0.877951, 0.671363), (0.872741, 0.670484), (0.910395, 0.784158), (0.908561, 0.781619), (0.912478, 0.781941), (0.279807, 0.10704), (0.284806, 0.111268), (0.276135, 0.10926), (0.838457, 0.545956), (0.831435, 0.546894), (0.832586, 0.542326), (0.912478, 0.781941), (0.912288, 0.783696), (0.910395, 0.784158), (0.882995, 0.692016), (0.881464, 0.689318), (0.884792, 0.688966), (0.906405, 0.794377), (0.908041, 0.80174), (0.904418, 0.799407), (0.904973, 0.813903), (0.904273, 0.818493), (0.902909, 0.813966), (0.89835, 0.754698), (0.896843, 0.755072), (0.900395, 0.753851), (0.848395, 0.539839), (0.85029, 0.540552), (0.849646, 0.544484), (0.910395, 0.784158), (0.911952, 0.78582), (0.911317, 0.79023), (0.89786, 0.798066), (0.896762, 0.794754), (0.898931, 0.797125), (0.917934, 0.838112), (0.91944, 0.836327), (0.921079, 0.836739), (0.874254, 0.678204), (0.870536, 0.674318), (0.873258, 0.675817), (0.917934, 0.838112), (0.921079, 0.836739), (0.919931, 0.838428), (0.862755, 0.649526), (0.861522, 0.644358), (0.864823, 0.644761), (0.873337, 0.72693), (0.872208, 0.719254), (0.875243, 0.720512), (0.96716, 0.603887), (0.96591, 0.601146), (0.971655, 0.603858), (0.852299, 0.543388), (0.849646, 0.544484), (0.85029, 0.540552), (0.881464, 0.689318), (0.879492, 0.683567), (0.881985, 0.684801), (0.897109, 0.771618), (0.898258, 0.777153), (0.896881, 0.77551), (0.919359, 0.811255), (0.919641, 0.81351), (0.917294, 0.811138), (0.856285, 0.670031), (0.861364, 0.669863), (0.859826, 0.674429), (0.936927, 0.849566), (0.937771, 0.844167), (0.940617, 0.848377), (0.9666, 0.782147), (0.964122, 0.78194), (0.964311, 0.780059), (0.915467, 0.826365), (0.912344, 0.826041), (0.913485, 0.822938), (0.934117, 0.849383), (0.937771, 0.844167), (0.936927, 0.849566), (0.893686, 0.749879), (0.893477, 0.752924), (0.891283, 0.748861), (0.846326, 0.662751), (0.846897, 0.657204), (0.848731, 0.659652), (0.9695, 0.606689), (0.96716, 0.603887), (0.971655, 0.603858), (0.906405, 0.794377), (0.90924, 0.802004), (0.908041, 0.80174), (0.921079, 0.836739), (0.922917, 0.837354), (0.919931, 0.838428), (0.906036, 0.756551), (0.90938, 0.757901), (0.908908, 0.763354), (0.958707, 0.708409), (0.963633, 0.703554), (0.963551, 0.707881), (0.912344, 0.826041), (0.915467, 0.826365), (0.912455, 0.828972), (0.887398, 0.73524), (0.888709, 0.736649), (0.88686, 0.738437), (0.93293, 0.829481), (0.928451, 0.824945), (0.931379, 0.822539), (0.855033, 0.59322), (0.855676, 0.597858), (0.852936, 0.597594), (0.965016, 0.70742), (0.963551, 0.707881), (0.963633, 0.703554), (0.873258, 0.675817), (0.876204, 0.675716), (0.874254, 0.678204), (0.855033, 0.59322), (0.852936, 0.597594), (0.852358, 0.594624), (0.869541, 0.643132), (0.868959, 0.65059), (0.864823, 0.644761), (0.96612, 0.776659), (0.9666, 0.782147), (0.964311, 0.780059), (0.276135, 0.10926), (0.273198, 0.112366), (0.270521, 0.108379), (0.832582, 0.603646), (0.833941, 0.612232), (0.829987, 0.604597), (0.127028, 0.209344), (0.125587, 0.208711), (0.124386, 0.202279), (0.96612, 0.776659), (0.969025, 0.775796), (0.9666, 0.782147), (0.905374, 0.818546), (0.906423, 0.821236), (0.904273, 0.818493), (0.865852, 0.648244), (0.864823, 0.644761), (0.868959, 0.65059), (0.96493, 0.645806), (0.966939, 0.650451), (0.962144, 0.651491), (0.933279, 0.841748), (0.937771, 0.844167), (0.931665, 0.844068), (0.931665, 0.844068), (0.937771, 0.844167), (0.934117, 0.849383), (0.898571, 0.733178), (0.898546, 0.735397), (0.896834, 0.730887), (0.744306, 0.00905806), (0.745592, 0.0115385), (0.741662, 0.0137616), (0.855455, 0.57662), (0.85406, 0.57119), (0.856719, 0.573108), (0.861672, 0.639908), (0.863416, 0.635784), (0.864544, 0.637366), (0.856719, 0.573108), (0.858481, 0.577242), (0.856816, 0.575408), (0.975089, 0.661123), (0.978859, 0.655035), (0.979853, 0.664066), (0.908041, 0.80174), (0.906931, 0.802017), (0.904418, 0.799407), (0.855455, 0.57662), (0.856719, 0.573108), (0.856816, 0.575408), (0.843807, 0.578975), (0.84373, 0.576197), (0.846318, 0.577523), (0.90068, 0.773794), (0.898258, 0.777153), (0.897109, 0.771618), (0.89572, 0.757003), (0.896843, 0.755072), (0.896383, 0.759845), (0.854209, 0.601595), (0.852181, 0.599796), (0.852936, 0.597594), (0.961791, 0.7627), (0.965892, 0.756184), (0.963199, 0.763171), (0.973954, 0.630433), (0.972501, 0.627903), (0.974243, 0.626576), (0.934117, 0.849383), (0.936927, 0.849566), (0.932882, 0.853817), (0.870535, 0.680101), (0.870536, 0.674318), (0.874254, 0.678204), (0.913287, 0.819391), (0.916974, 0.820133), (0.913485, 0.822938), (0.85406, 0.57119), (0.855455, 0.57662), (0.853804, 0.574648), (0.84373, 0.576197), (0.842667, 0.570932), (0.847202, 0.573718), (0.853647, 0.62306), (0.848544, 0.622183), (0.850239, 0.611645), (0.902645, 0.805474), (0.902528, 0.807442), (0.900354, 0.804487), (0.879427, 0.738589), (0.88296, 0.741348), (0.882686, 0.746372), (0.957025, 0.713358), (0.958707, 0.708409), (0.962431, 0.71286), (0.241163, 0.0388352), (0.243207, 0.034045), (0.249964, 0.0425816), (0.856816, 0.575408), (0.858481, 0.577242), (0.855455, 0.57662), (0.881464, 0.689318), (0.881985, 0.684801), (0.884792, 0.688966), (0.337028, 0.0761498), (0.334542, 0.0819384), (0.330465, 0.0792905), (0.958707, 0.708409), (0.963551, 0.707881), (0.962431, 0.71286), (0.90952, 0.815582), (0.909567, 0.819388), (0.907353, 0.816399), (0.901014, 0.799338), (0.89786, 0.798066), (0.898931, 0.797125), (0.897579, 0.761838), (0.894135, 0.761823), (0.896383, 0.759845), (0.861672, 0.639908), (0.864544, 0.637366), (0.863497, 0.642056), (0.870006, 0.66004), (0.871745, 0.658241), (0.873345, 0.658975), (0.984441, 0.604213), (0.977577, 0.602996), (0.978509, 0.597619), (0.962606, 0.886562), (0.96386, 0.880272), (0.963453, 0.886693), (0.961343, 0.718863), (0.957025, 0.713358), (0.962431, 0.71286), (0.965892, 0.756184), (0.961791, 0.7627), (0.96294, 0.75821), (0.863549, 0.667742), (0.861364, 0.669863), (0.859197, 0.665871), (0.881179, 0.73667), (0.88296, 0.741348), (0.879427, 0.738589), (0.738608, 0.0104468), (0.744306, 0.00905806), (0.741662, 0.0137616), (0.976052, 0.610316), (0.977577, 0.602996), (0.9841, 0.610064), (0.984441, 0.604213), (0.9841, 0.610064), (0.977577, 0.602996), (0.928451, 0.824945), (0.927133, 0.820553), (0.931379, 0.822539), (0.961343, 0.718863), (0.96319, 0.723512), (0.959534, 0.726297), (0.832944, 0.549918), (0.831435, 0.546894), (0.838457, 0.545956), (0.981076, 0.671058), (0.975448, 0.670507), (0.979853, 0.664066), (0.902645, 0.805474), (0.905906, 0.80637), (0.902528, 0.807442), (0.896383, 0.759845), (0.89839, 0.760687), (0.897579, 0.761838), (0.861147, 0.638012), (0.863416, 0.635784), (0.861672, 0.639908), (0.909567, 0.819388), (0.911067, 0.820588), (0.910128, 0.823812), (0.911383, 0.773291), (0.914879, 0.773038), (0.914576, 0.775921), (0.848312, 0.651117), (0.842879, 0.648274), (0.849047, 0.649393), (0.924244, 0.838102), (0.922917, 0.837354), (0.925693, 0.835605), (0.878799, 0.714772), (0.880042, 0.719758), (0.877187, 0.716954), (0.930628, 0.830152), (0.928451, 0.824945), (0.93293, 0.829481), (0.976455, 0.647), (0.972884, 0.645596), (0.981158, 0.639141), (0.886628, 0.728452), (0.888612, 0.727576), (0.887685, 0.731281), (0.850239, 0.611645), (0.852983, 0.616848), (0.853647, 0.62306), (0.892147, 0.756545), (0.89572, 0.757003), (0.896383, 0.759845), (0.847456, 0.58026), (0.843807, 0.578975), (0.846318, 0.577523), (0.902528, 0.807442), (0.902278, 0.809753), (0.900354, 0.804487), (0.849646, 0.544484), (0.852299, 0.543388), (0.852662, 0.548208), (0.88296, 0.741348), (0.884366, 0.746475), (0.882686, 0.746372), (0.738684, 0.0149753), (0.741662, 0.0137616), (0.743616, 0.0183095), (0.24279, 0.11527), (0.24064, 0.117107), (0.239988, 0.115146), (0.24279, 0.11527), (0.243149, 0.11934), (0.24064, 0.117107), (0.865852, 0.648244), (0.868959, 0.65059), (0.864991, 0.6533), (0.857142, 0.623125), (0.859306, 0.618821), (0.859971, 0.627455), (0.875243, 0.720512), (0.877839, 0.723658), (0.873337, 0.72693), (0.129132, 0.155064), (0.131998, 0.154972), (0.129667, 0.157489), (0.980574, 0.614109), (0.976052, 0.610316), (0.9841, 0.610064), (0.907758, 0.768313), (0.911377, 0.766859), (0.911383, 0.773291), (0.923488, 0.789555), (0.928685, 0.803015), (0.923268, 0.795481), (0.925855, 0.802125), (0.925847, 0.808018), (0.922396, 0.80124), (0.24279, 0.11527), (0.239988, 0.115146), (0.241612, 0.11344), (0.846897, 0.657204), (0.842879, 0.648274), (0.848312, 0.651117), (0.889664, 0.72653), (0.888612, 0.727576), (0.886108, 0.724078), (0.864172, 0.671037), (0.862646, 0.676082), (0.859826, 0.674429), (0.897579, 0.761838), (0.89839, 0.760687), (0.897504, 0.764498), (0.85695, 0.619994), (0.859306, 0.618821), (0.857142, 0.623125), (0.839742, 0.547627), (0.832944, 0.549918), (0.838457, 0.545956), (0.133081, 0.160044), (0.129667, 0.157489), (0.131998, 0.154972), (0.934117, 0.849383), (0.932882, 0.853817), (0.931322, 0.851648), (0.965016, 0.70742), (0.963704, 0.715326), (0.962431, 0.71286), (0.21637, 0.0973835), (0.21295, 0.0992084), (0.214162, 0.0954298), (0.935205, 0.833481), (0.93293, 0.829481), (0.936132, 0.830663), (0.896881, 0.77551), (0.896464, 0.782557), (0.89563, 0.779024), (0.887685, 0.731281), (0.888612, 0.727576), (0.889668, 0.733018), (0.928346, 0.808402), (0.930518, 0.808346), (0.933153, 0.81402), (0.972218, 0.650911), (0.976455, 0.647), (0.979173, 0.649983), (0.932882, 0.853817), (0.936927, 0.849566), (0.936309, 0.852401), (0.970609, 0.612182), (0.9695, 0.606689), (0.971655, 0.603858), (0.969025, 0.775796), (0.967198, 0.771759), (0.96918, 0.769597), (0.859971, 0.627455), (0.858231, 0.626121), (0.857142, 0.623125), (0.932593, 0.83167), (0.93293, 0.829481), (0.935205, 0.833481), (0.904908, 0.763223), (0.908908, 0.763354), (0.907758, 0.768313), (0.972218, 0.650911), (0.978859, 0.655035), (0.972221, 0.654978), (0.870535, 0.680101), (0.874254, 0.678204), (0.872989, 0.682486), (0.894367, 0.777856), (0.89563, 0.779024), (0.894231, 0.780723), (0.886849, 0.695554), (0.882995, 0.692016), (0.884792, 0.688966), (0.911377, 0.766859), (0.907758, 0.768313), (0.908908, 0.763354), (0.970972, 0.693573), (0.97075, 0.685652), (0.97743, 0.685677), (0.883689, 0.739637), (0.88296, 0.741348), (0.881179, 0.73667), (0.897504, 0.764498), (0.894135, 0.761823), (0.897579, 0.761838), (0.252082, 0.115603), (0.250617, 0.111836), (0.25412, 0.113139), (0.898931, 0.797125), (0.896762, 0.794754), (0.899577, 0.792867), (0.25178, 0.117565), (0.251828, 0.123663), (0.246972, 0.118054), (0.220623, 0.101104), (0.223517, 0.105134), (0.218093, 0.104027), (0.891647, 0.730124), (0.889668, 0.733018), (0.888612, 0.727576), (0.923308, 0.84198), (0.920542, 0.844491), (0.919943, 0.840045), (0.872989, 0.682486), (0.872672, 0.684574), (0.870535, 0.680101), (0.972584, 0.597157), (0.978509, 0.597619), (0.973312, 0.600649), (0.849499, 0.573299), (0.849749, 0.57587), (0.847202, 0.573718), (0.972584, 0.597157), (0.972151, 0.593004), (0.978509, 0.597619), (0.84882, 0.570919), (0.849499, 0.573299), (0.847202, 0.573718), (0.846318, 0.577523), (0.84373, 0.576197), (0.847202, 0.573718), (0.872989, 0.682486), (0.874254, 0.678204), (0.875568, 0.680496), (0.889668, 0.733018), (0.892166, 0.736198), (0.888709, 0.736649), (0.965232, 0.655334), (0.961426, 0.653444), (0.962144, 0.651491), (0.908518, 0.771305), (0.907758, 0.768313), (0.911383, 0.773291), (0.888709, 0.736649), (0.892166, 0.736198), (0.892783, 0.74196), (0.977825, 0.630353), (0.976933, 0.634289), (0.972863, 0.632615), (0.896383, 0.759845), (0.896843, 0.755072), (0.89839, 0.760687), (0.977577, 0.602996), (0.973312, 0.600649), (0.978509, 0.597619), (0.899577, 0.792867), (0.898831, 0.790629), (0.900026, 0.789957), (0.264038, 0.122134), (0.260003, 0.124635), (0.260131, 0.120438), (0.121798, 0.169199), (0.116473, 0.169945), (0.122312, 0.165599), (0.265525, 0.11918), (0.264038, 0.122134), (0.260131, 0.120438), (0.971608, 0.69758), (0.970972, 0.693573), (0.976293, 0.697489), (0.965016, 0.70742), (0.962431, 0.71286), (0.963551, 0.707881), (0.898546, 0.735397), (0.894909, 0.736342), (0.894651, 0.734303), (0.828788, 0.566546), (0.826901, 0.571917), (0.822289, 0.565683), (0.863497, 0.642056), (0.864823, 0.644761), (0.861522, 0.644358), (0.896731, 0.78383), (0.896464, 0.782557), (0.897905, 0.7837), (0.892166, 0.736198), (0.889668, 0.733018), (0.892808, 0.733531), (0.273198, 0.112366), (0.27071, 0.117734), (0.267992, 0.110946), (0.13459, 0.161589), (0.140623, 0.160307), (0.138138, 0.162451), (0.908518, 0.771305), (0.911383, 0.773291), (0.910266, 0.776753), (0.898931, 0.797125), (0.899577, 0.792867), (0.900098, 0.794562), (0.928288, 0.841864), (0.928386, 0.845557), (0.925231, 0.843418), (0.923268, 0.795481), (0.920148, 0.795745), (0.919281, 0.792234), (0.854209, 0.601595), (0.856391, 0.601248), (0.856819, 0.605902), (0.13459, 0.161589), (0.133081, 0.160044), (0.140623, 0.160307), (0.864991, 0.6533), (0.868959, 0.65059), (0.870118, 0.654402), (0.891647, 0.730124), (0.892808, 0.733531), (0.889668, 0.733018), (0.864978, 0.626107), (0.867506, 0.625713), (0.867914, 0.629628), (0.855156, 0.614155), (0.852983, 0.616848), (0.854251, 0.611069), (0.84882, 0.570919), (0.849768, 0.569471), (0.849499, 0.573299), (0.829714, 0.56186), (0.831446, 0.5666), (0.828788, 0.566546), (0.973918, 0.60506), (0.973312, 0.600649), (0.977577, 0.602996), (0.855492, 0.552079), (0.856764, 0.549098), (0.858576, 0.556178), (0.872672, 0.684574), (0.874864, 0.686797), (0.871216, 0.686169), (0.932601, 0.82276), (0.928346, 0.808402), (0.93506, 0.818456), (0.859971, 0.627455), (0.862376, 0.629625), (0.859287, 0.630515), (0.963036, 0.848351), (0.96332, 0.852492), (0.960528, 0.850307), (0.886849, 0.695554), (0.885196, 0.697367), (0.882995, 0.692016), (0.849749, 0.57587), (0.846318, 0.577523), (0.847202, 0.573718), (0.925217, 0.839305), (0.928288, 0.841864), (0.923308, 0.84198), (0.932387, 0.834164), (0.936292, 0.835591), (0.931395, 0.840254), (0.833257, 0.567668), (0.831236, 0.570529), (0.831446, 0.5666), (0.836851, 0.621599), (0.840851, 0.628966), (0.837617, 0.629669), (0.922561, 0.839412), (0.925217, 0.839305), (0.923308, 0.84198), (0.880042, 0.719758), (0.882035, 0.722015), (0.880963, 0.725955), (0.85028, 0.54931), (0.853718, 0.551263), (0.850165, 0.55331), (0.896834, 0.730887), (0.894651, 0.734303), (0.893427, 0.729742), (0.973312, 0.600649), (0.973918, 0.60506), (0.971655, 0.603858), (0.904142, 0.804714), (0.902969, 0.801795), (0.904929, 0.80389), (0.909567, 0.819388), (0.913287, 0.819391), (0.911067, 0.820588), (0.964125, 0.831206), (0.961285, 0.830807), (0.963584, 0.824508), (0.900354, 0.804487), (0.89786, 0.798066), (0.901014, 0.799338), (0.265525, 0.11918), (0.260131, 0.120438), (0.259847, 0.11655), (0.900354, 0.804487), (0.901014, 0.799338), (0.902969, 0.801795), (0.131998, 0.154972), (0.129132, 0.155064), (0.131711, 0.152138), (0.979785, 0.636729), (0.974719, 0.638756), (0.976933, 0.634289), (0.973904, 0.635562), (0.976933, 0.634289), (0.974719, 0.638756), (0.885196, 0.697367), (0.884085, 0.697988), (0.882995, 0.692016), (0.920217, 0.786977), (0.917624, 0.788771), (0.918252, 0.781795), (0.890751, 0.723969), (0.895347, 0.722317), (0.893427, 0.729742), (0.260131, 0.120438), (0.260003, 0.124635), (0.257567, 0.121992), (0.902969, 0.801795), (0.902645, 0.805474), (0.900354, 0.804487), (0.849696, 0.577939), (0.847456, 0.58026), (0.846318, 0.577523), (0.90952, 0.815582), (0.913287, 0.819391), (0.909567, 0.819388), (0.905304, 0.792067), (0.902385, 0.791617), (0.902464, 0.788225), (0.898258, 0.777153), (0.898041, 0.781781), (0.896881, 0.77551), (0.896464, 0.782557), (0.896881, 0.77551), (0.898041, 0.781781), (0.914576, 0.775921), (0.916178, 0.779615), (0.912748, 0.778503), (0.848975, 0.599382), (0.846353, 0.59598), (0.849115, 0.595946), (0.738565, 0.0208473), (0.741897, 0.0214292), (0.741339, 0.0249022), (0.878799, 0.714772), (0.87731, 0.711742), (0.880844, 0.71321), (0.849696, 0.577939), (0.846318, 0.577523), (0.849749, 0.57587), (0.963704, 0.715326), (0.961343, 0.718863), (0.962431, 0.71286), (0.913287, 0.819391), (0.913485, 0.822938), (0.911067, 0.820588), (0.119385, 0.155407), (0.123512, 0.157547), (0.122441, 0.16006), (0.831578, 0.56074), (0.833635, 0.563668), (0.831446, 0.5666), (0.309798, 0.0904656), (0.315526, 0.0922496), (0.308464, 0.0947752), (0.848975, 0.599382), (0.847921, 0.604585), (0.846353, 0.59598), (0.818853, 0.56059), (0.818848, 0.557376), (0.820768, 0.560165), (0.973904, 0.635562), (0.972863, 0.632615), (0.976933, 0.634289), (0.846292, 0.549525), (0.85028, 0.54931), (0.850165, 0.55331), (0.916974, 0.820133), (0.917333, 0.818346), (0.918238, 0.81978), (0.849696, 0.577939), (0.850735, 0.581249), (0.847456, 0.58026), (0.308464, 0.0947752), (0.315526, 0.0922496), (0.310943, 0.0995606), (0.923268, 0.795481), (0.919281, 0.792234), (0.920217, 0.786977), (0.856769, 0.61767), (0.856086, 0.620578), (0.852983, 0.616848), (0.976052, 0.610316), (0.973918, 0.60506), (0.977577, 0.602996), (0.876917, 0.708535), (0.87731, 0.711742), (0.874899, 0.707949), (0.853647, 0.62306), (0.852983, 0.616848), (0.856086, 0.620578), (0.134528, 0.154603), (0.131998, 0.154972), (0.131711, 0.152138), (0.875568, 0.680496), (0.876108, 0.684475), (0.872989, 0.682486), (0.858519, 0.633212), (0.85572, 0.633356), (0.854723, 0.630124), (0.832944, 0.549918), (0.834887, 0.552333), (0.828965, 0.553427), (0.875568, 0.680496), (0.876385, 0.682883), (0.876108, 0.684475), (0.119976, 0.162413), (0.122441, 0.16006), (0.122527, 0.162443), (0.876882, 0.742303), (0.877192, 0.739345), (0.880934, 0.746539), (0.886082, 0.74513), (0.884366, 0.746475), (0.88296, 0.741348), (0.858519, 0.633212), (0.859735, 0.634493), (0.858367, 0.63619), (0.925168, 0.8314), (0.923109, 0.824886), (0.924672, 0.824977), (0.85572, 0.633356), (0.858519, 0.633212), (0.85599, 0.636339), (0.898258, 0.777153), (0.900687, 0.779248), (0.898041, 0.781781), (0.876882, 0.742303), (0.880934, 0.746539), (0.880194, 0.748665), (0.820203, 0.563167), (0.825924, 0.563355), (0.822289, 0.565683), (0.96319, 0.723512), (0.961343, 0.718863), (0.963704, 0.715326), (0.928288, 0.841864), (0.931665, 0.844068), (0.928386, 0.845557), (0.904929, 0.80389), (0.902969, 0.801795), (0.904886, 0.802629), (0.912748, 0.778503), (0.916178, 0.779615), (0.912478, 0.781941), (0.820768, 0.560165), (0.820203, 0.563167), (0.818853, 0.56059), (0.913485, 0.822938), (0.910128, 0.823812), (0.911067, 0.820588), (0.963396, 0.76821), (0.963199, 0.763171), (0.967182, 0.764498), (0.833257, 0.567668), (0.831446, 0.5666), (0.833635, 0.563668), (0.848068, 0.663526), (0.846326, 0.662751), (0.851154, 0.662254), (0.882315, 0.716944), (0.884163, 0.719314), (0.882493, 0.719448), (0.916433, 0.785252), (0.912478, 0.781941), (0.916178, 0.779615), (0.917624, 0.788771), (0.920217, 0.786977), (0.919281, 0.792234), (0.883689, 0.739637), (0.886082, 0.74513), (0.88296, 0.741348), (0.983285, 0.559308), (0.968828, 0.559173), (0.978684, 0.556603), (0.983285, 0.559308), (0.969881, 0.561733), (0.968828, 0.559173), (0.862646, 0.676082), (0.858565, 0.677783), (0.859826, 0.674429), (0.97438, 0.564568), (0.969881, 0.561733), (0.983285, 0.559308), (0.854209, 0.601595), (0.852501, 0.603015), (0.852181, 0.599796), (0.910128, 0.823812), (0.913485, 0.822938), (0.912344, 0.826041), (0.902337, 0.752165), (0.903853, 0.745887), (0.907455, 0.752593), (0.872672, 0.684574), (0.876108, 0.684475), (0.874864, 0.686797), (0.865684, 0.693374), (0.864248, 0.693591), (0.861901, 0.687391), (0.894651, 0.734303), (0.896834, 0.730887), (0.898546, 0.735397), (0.878799, 0.714772), (0.882315, 0.716944), (0.880042, 0.719758), (0.901014, 0.799338), (0.898931, 0.797125), (0.904418, 0.799407), (0.902969, 0.801795), (0.904142, 0.804714), (0.902645, 0.805474), (0.854485, 0.604601), (0.852501, 0.603015), (0.854209, 0.601595), (0.979785, 0.636729), (0.981158, 0.639141), (0.974719, 0.638756), (0.92974, 0.815958), (0.928346, 0.808402), (0.932601, 0.82276), (0.880042, 0.719758), (0.882315, 0.716944), (0.882493, 0.719448), (0.854292, 0.555426), (0.855492, 0.552079), (0.858576, 0.556178), (0.922563, 0.809039), (0.925847, 0.808018), (0.924653, 0.813802), (0.86616, 0.686651), (0.865684, 0.693374), (0.861901, 0.687391), (0.974579, 0.616638), (0.974113, 0.614008), (0.976052, 0.610316), (0.904418, 0.799407), (0.902969, 0.801795), (0.901014, 0.799338), (0.929945, 0.840746), (0.931395, 0.840254), (0.933279, 0.841748), (0.973878, 0.570538), (0.983258, 0.568043), (0.985114, 0.572512), (0.974579, 0.616638), (0.976052, 0.610316), (0.980574, 0.614109), (0.904886, 0.802629), (0.902969, 0.801795), (0.904418, 0.799407), (0.854485, 0.604601), (0.854209, 0.601595), (0.856819, 0.605902), (0.980574, 0.614109), (0.974929, 0.621281), (0.974579, 0.616638), (0.910266, 0.776753), (0.911383, 0.773291), (0.914576, 0.775921), (0.867914, 0.629628), (0.867506, 0.625713), (0.872092, 0.628146), (0.85028, 0.54931), (0.852662, 0.548208), (0.853718, 0.551263), (0.892895, 0.708758), (0.89615, 0.710766), (0.894114, 0.712864), (0.836805, 0.565877), (0.836861, 0.572513), (0.833257, 0.567668), (0.928346, 0.808402), (0.933153, 0.81402), (0.93506, 0.818456), (0.962606, 0.886562), (0.959391, 0.893112), (0.961869, 0.881009), (0.859536, 0.680241), (0.861701, 0.678686), (0.861726, 0.682237), (0.919636, 0.804345), (0.914083, 0.801164), (0.916767, 0.80079), (0.85984, 0.683614), (0.859536, 0.680241), (0.861726, 0.682237), (0.881197, 0.678164), (0.876204, 0.675716), (0.875729, 0.673689), (0.902337, 0.752165), (0.907455, 0.752593), (0.902317, 0.754067), (0.854485, 0.604601), (0.854384, 0.607334), (0.852501, 0.603015), (0.860476, 0.655423), (0.857446, 0.652856), (0.8614, 0.649472), (0.841556, 0.632927), (0.837617, 0.629669), (0.840851, 0.628966), (0.931665, 0.844068), (0.928288, 0.841864), (0.929945, 0.840746), (0.898041, 0.781781), (0.901191, 0.781368), (0.899459, 0.783882), (0.914879, 0.773038), (0.914993, 0.766061), (0.918069, 0.774054), (0.869722, 0.618818), (0.872812, 0.624516), (0.867506, 0.625713), (0.910266, 0.776753), (0.914576, 0.775921), (0.912748, 0.778503), (0.919636, 0.804345), (0.916767, 0.80079), (0.919089, 0.80233), (0.864248, 0.693591), (0.865684, 0.693374), (0.864789, 0.699942), (0.904165, 0.810184), (0.902278, 0.809753), (0.902528, 0.807442), (0.876108, 0.684475), (0.872672, 0.684574), (0.872989, 0.682486), (0.929945, 0.840746), (0.933279, 0.841748), (0.931665, 0.844068), (0.910427, 0.778432), (0.912748, 0.778503), (0.912478, 0.781941), (0.898041, 0.781781), (0.897905, 0.7837), (0.896464, 0.782557), (0.932601, 0.82276), (0.93506, 0.818456), (0.936252, 0.823816), (0.910266, 0.776753), (0.912748, 0.778503), (0.910427, 0.778432), (0.973878, 0.570538), (0.97438, 0.564568), (0.983258, 0.568043), (0.821062, 0.57009), (0.822289, 0.565683), (0.822304, 0.572618), (0.881197, 0.678164), (0.87879, 0.679057), (0.876204, 0.675716), (0.967198, 0.771759), (0.963428, 0.773504), (0.96291, 0.77206), (0.842211, 0.584377), (0.841535, 0.589892), (0.83896, 0.584336), (0.919636, 0.804345), (0.918264, 0.808161), (0.916487, 0.805753), (0.927453, 0.836666), (0.928288, 0.841864), (0.925217, 0.839305), (0.962606, 0.886562), (0.963453, 0.886693), (0.963334, 0.891958), (0.857813, 0.560959), (0.854292, 0.555426), (0.858576, 0.556178), (0.927453, 0.836666), (0.929945, 0.840746), (0.928288, 0.841864), (0.140623, 0.160307), (0.133081, 0.160044), (0.131998, 0.154972), (0.877839, 0.723658), (0.875999, 0.729474), (0.873337, 0.72693), (0.839189, 0.638126), (0.837617, 0.629669), (0.841556, 0.632927), (0.888004, 0.700591), (0.885196, 0.697367), (0.886849, 0.695554), (0.959391, 0.893112), (0.963334, 0.891958), (0.963077, 0.896171), (0.852181, 0.599796), (0.852501, 0.603015), (0.850201, 0.603271), (0.962839, 0.769484), (0.967198, 0.771759), (0.96291, 0.77206), (0.872092, 0.628146), (0.867506, 0.625713), (0.872812, 0.624516), (0.878799, 0.714772), (0.880844, 0.71321), (0.882856, 0.71406), (0.850345, 0.643687), (0.850267, 0.635624), (0.852847, 0.640793), (0.879427, 0.738589), (0.880934, 0.746539), (0.877192, 0.739345), (0.971006, 0.575961), (0.973878, 0.570538), (0.985114, 0.572512), (0.135692, 0.138634), (0.131717, 0.142316), (0.132199, 0.140619), (0.857053, 0.629328), (0.859971, 0.627455), (0.859287, 0.630515), (0.862755, 0.649526), (0.864823, 0.644761), (0.865852, 0.648244), (0.931395, 0.840254), (0.929945, 0.840746), (0.932387, 0.834164), (0.963965, 0.893814), (0.963077, 0.896171), (0.963334, 0.891958), (0.894114, 0.712864), (0.890587, 0.707805), (0.892895, 0.708758), (0.138138, 0.162451), (0.140623, 0.160307), (0.142587, 0.161994), (0.971655, 0.603858), (0.973918, 0.60506), (0.970609, 0.612182), (0.847107, 0.555892), (0.850165, 0.55331), (0.848433, 0.561713), (0.820061, 0.566332), (0.822289, 0.565683), (0.821062, 0.57009), (0.912478, 0.781941), (0.916433, 0.785252), (0.913612, 0.786342), (0.831578, 0.56074), (0.834666, 0.559859), (0.833635, 0.563668), (0.875999, 0.729474), (0.877724, 0.73163), (0.875237, 0.732875), (0.882856, 0.71406), (0.880844, 0.71321), (0.883151, 0.710865), (0.985173, 0.584047), (0.971841, 0.58677), (0.978827, 0.58009), (0.900535, 0.750426), (0.903853, 0.745887), (0.902337, 0.752165), (0.889981, 0.742085), (0.888709, 0.736649), (0.889715, 0.739516), (0.850165, 0.55331), (0.853718, 0.551263), (0.852512, 0.554692), (0.972884, 0.645596), (0.974719, 0.638756), (0.981158, 0.639141), (0.963396, 0.76821), (0.967182, 0.764498), (0.967697, 0.767584), (0.922396, 0.80124), (0.925847, 0.808018), (0.920373, 0.803866), (0.838196, 0.550493), (0.834887, 0.552333), (0.832944, 0.549918), (0.898041, 0.781781), (0.899459, 0.783882), (0.897905, 0.7837), (0.920373, 0.803866), (0.919761, 0.799968), (0.922396, 0.80124), (0.979076, 0.709885), (0.981643, 0.713648), (0.972016, 0.718441), (0.925847, 0.808018), (0.922563, 0.809039), (0.920373, 0.803866), (0.971841, 0.58677), (0.985173, 0.584047), (0.973697, 0.589364), (0.928386, 0.845557), (0.930779, 0.850526), (0.925204, 0.849014), (0.912478, 0.781941), (0.913612, 0.786342), (0.912288, 0.783696), (0.122312, 0.165599), (0.119976, 0.162413), (0.122527, 0.162443), (0.90952, 0.815582), (0.912152, 0.813972), (0.915203, 0.817289), (0.913612, 0.786342), (0.911952, 0.78582), (0.912288, 0.783696), (0.915203, 0.817289), (0.913287, 0.819391), (0.90952, 0.815582), (0.936252, 0.823816), (0.938241, 0.828101), (0.936132, 0.830663), (0.907502, 0.790865), (0.908461, 0.793165), (0.905304, 0.792067), (0.905304, 0.792067), (0.909776, 0.796647), (0.906405, 0.794377), (0.904929, 0.80389), (0.905767, 0.804696), (0.904142, 0.804714), (0.905304, 0.792067), (0.908461, 0.793165), (0.909776, 0.796647), (0.967198, 0.771759), (0.962839, 0.769484), (0.963396, 0.76821), (0.96332, 0.852492), (0.96366, 0.855806), (0.960085, 0.857016), (0.914017, 0.813076), (0.915203, 0.817289), (0.912152, 0.813972), (0.884199, 0.71637), (0.878799, 0.714772), (0.882856, 0.71406), (0.900077, 0.786395), (0.896731, 0.78383), (0.897905, 0.7837), (0.957717, 0.740718), (0.96111, 0.743167), (0.958647, 0.745418), (0.875111, 0.689648), (0.873094, 0.690421), (0.874864, 0.686797), (0.891855, 0.713188), (0.894773, 0.717297), (0.891057, 0.715283), (0.957717, 0.740718), (0.962243, 0.735593), (0.962878, 0.738283), (0.884199, 0.71637), (0.882315, 0.716944), (0.878799, 0.714772), (0.92974, 0.815958), (0.932601, 0.82276), (0.931379, 0.822539), (0.859287, 0.630515), (0.862376, 0.629625), (0.859735, 0.634493), (0.841168, 0.594967), (0.839144, 0.592951), (0.841535, 0.589892), (0.741662, 0.0137616), (0.738163, 0.0130138), (0.738608, 0.0104468), (0.961213, 0.755568), (0.956952, 0.756345), (0.957415, 0.752296), (0.962827, 0.86015), (0.960085, 0.857016), (0.96366, 0.855806), (0.883243, 0.681631), (0.881985, 0.684801), (0.87879, 0.679057), (0.861701, 0.678686), (0.859536, 0.680241), (0.858565, 0.677783), (0.904142, 0.804714), (0.905906, 0.80637), (0.902645, 0.805474), (0.852299, 0.543388), (0.853703, 0.54534), (0.852662, 0.548208), (0.240538, 0.0608262), (0.237815, 0.0639647), (0.23555, 0.0635679), (0.96319, 0.723512), (0.964086, 0.726144), (0.959534, 0.726297), (0.240538, 0.0608262), (0.23555, 0.0635679), (0.233673, 0.0601099), (0.862755, 0.649526), (0.864991, 0.6533), (0.864211, 0.65459), (0.904142, 0.804714), (0.905767, 0.804696), (0.905906, 0.80637), (0.916767, 0.80079), (0.918366, 0.800281), (0.919089, 0.80233), (0.877913, 0.703862), (0.874349, 0.702849), (0.877363, 0.70201), (0.884163, 0.719314), (0.882315, 0.716944), (0.884199, 0.71637), (0.936132, 0.830663), (0.938241, 0.828101), (0.938174, 0.832647), (0.914993, 0.766061), (0.90938, 0.757901), (0.912807, 0.758792), (0.972863, 0.632615), (0.973954, 0.630433), (0.977825, 0.630353), (0.820061, 0.566332), (0.820203, 0.563167), (0.822289, 0.565683), (0.267992, 0.110946), (0.270521, 0.108379), (0.273198, 0.112366), (0.882493, 0.719448), (0.882035, 0.722015), (0.880042, 0.719758), (0.961538, 0.728858), (0.959534, 0.726297), (0.964086, 0.726144), (0.884366, 0.746475), (0.886082, 0.74513), (0.891283, 0.748861), (0.905906, 0.80637), (0.904165, 0.810184), (0.902528, 0.807442), (0.884366, 0.746475), (0.891283, 0.748861), (0.888762, 0.750756), (0.135692, 0.138634), (0.131813, 0.145387), (0.131717, 0.142316), (0.847921, 0.604585), (0.850239, 0.611645), (0.84622, 0.615187), (0.855033, 0.59322), (0.858904, 0.590801), (0.860805, 0.597851), (0.914993, 0.766061), (0.914879, 0.773038), (0.90938, 0.757901), (0.847921, 0.604585), (0.851229, 0.606282), (0.850239, 0.611645), (0.224806, 0.0527124), (0.223903, 0.0566381), (0.221422, 0.0531449), (0.867914, 0.629628), (0.868554, 0.632131), (0.864978, 0.626107), (0.879492, 0.683567), (0.87879, 0.679057), (0.881985, 0.684801), (0.861907, 0.620526), (0.859971, 0.627455), (0.859306, 0.618821), (0.877453, 0.68783), (0.879492, 0.683567), (0.881464, 0.689318), (0.836861, 0.572513), (0.840936, 0.576769), (0.837252, 0.576872), (0.958148, 0.787205), (0.955779, 0.785833), (0.959791, 0.782427), (0.924672, 0.824977), (0.927637, 0.830451), (0.925168, 0.8314), (0.87905, 0.691585), (0.881464, 0.689318), (0.882995, 0.692016), (0.9728, 0.713493), (0.979076, 0.709885), (0.972016, 0.718441), (0.860476, 0.655423), (0.856758, 0.6551), (0.857446, 0.652856), (0.905906, 0.80637), (0.906707, 0.810165), (0.904165, 0.810184), (0.911377, 0.766859), (0.90938, 0.757901), (0.914879, 0.773038), (0.897905, 0.7837), (0.899459, 0.783882), (0.900077, 0.786395), (0.964125, 0.831206), (0.963496, 0.834363), (0.961285, 0.830807), (0.829714, 0.56186), (0.828788, 0.566546), (0.825924, 0.563355), (0.919636, 0.804345), (0.920373, 0.803866), (0.922563, 0.809039), (0.865684, 0.693374), (0.869271, 0.698854), (0.868567, 0.704498), (0.820203, 0.563167), (0.820768, 0.560165), (0.825924, 0.563355), (0.892776, 0.744943), (0.890382, 0.744968), (0.889981, 0.742085), (0.888092, 0.765858), (0.88686, 0.770287), (0.886135, 0.766145), (0.738163, 0.0130138), (0.741662, 0.0137616), (0.738684, 0.0149753), (0.918366, 0.800281), (0.91787, 0.797643), (0.919761, 0.799968), (0.891855, 0.713188), (0.894114, 0.712864), (0.894773, 0.717297), (0.822304, 0.572618), (0.822289, 0.565683), (0.826901, 0.571917), (0.928386, 0.845557), (0.931665, 0.844068), (0.930779, 0.850526), (0.861672, 0.639908), (0.859132, 0.639314), (0.861147, 0.638012), (0.877453, 0.68783), (0.881464, 0.689318), (0.87905, 0.691585), (0.864434, 0.685065), (0.861901, 0.687391), (0.85984, 0.683614), (0.874864, 0.686797), (0.875924, 0.691919), (0.875111, 0.689648), (0.883755, 0.725849), (0.882035, 0.722015), (0.884272, 0.723394), (0.894114, 0.712864), (0.899291, 0.720409), (0.894773, 0.717297), (0.874145, 0.647172), (0.875725, 0.650348), (0.872817, 0.650206), (0.935205, 0.833481), (0.936132, 0.830663), (0.938174, 0.832647), (0.978884, 0.702649), (0.980253, 0.707197), (0.971567, 0.707222), (0.894773, 0.717297), (0.899291, 0.720409), (0.897607, 0.720942), (0.223903, 0.0566381), (0.224806, 0.0527124), (0.228316, 0.0588577), (0.884366, 0.746475), (0.888762, 0.750756), (0.88904, 0.752468), (0.908908, 0.763354), (0.90938, 0.757901), (0.911377, 0.766859), (0.882493, 0.719448), (0.884491, 0.722483), (0.882035, 0.722015), (0.923268, 0.795481), (0.928685, 0.803015), (0.925855, 0.802125), (0.86085, 0.592802), (0.860805, 0.597851), (0.858904, 0.590801), (0.878865, 0.708593), (0.877913, 0.703862), (0.880149, 0.705302), (0.880824, 0.695767), (0.882995, 0.692016), (0.884085, 0.697988), (0.931665, 0.844068), (0.934117, 0.849383), (0.930779, 0.850526), (0.881192, 0.700093), (0.880824, 0.695767), (0.884085, 0.697988), (0.836805, 0.565877), (0.833257, 0.567668), (0.833635, 0.563668), (0.97173, 0.755022), (0.965892, 0.756184), (0.969672, 0.75338), (0.85984, 0.683614), (0.861726, 0.682237), (0.864434, 0.685065), (0.303891, 0.101771), (0.298065, 0.0970685), (0.308464, 0.0947752), (0.877247, 0.69019), (0.874864, 0.686797), (0.876108, 0.684475), (0.836805, 0.565877), (0.833635, 0.563668), (0.834666, 0.559859), (0.845312, 0.591772), (0.844554, 0.598291), (0.841168, 0.594967), (0.905727, 0.788121), (0.907502, 0.790865), (0.905304, 0.792067), (0.93293, 0.829481), (0.932601, 0.82276), (0.936252, 0.823816), (0.918264, 0.808161), (0.919359, 0.811255), (0.917294, 0.811138), (0.884272, 0.723394), (0.882035, 0.722015), (0.884491, 0.722483), (0.83896, 0.584336), (0.840936, 0.576769), (0.843807, 0.578975), (0.884163, 0.719314), (0.884491, 0.722483), (0.882493, 0.719448), (0.884163, 0.719314), (0.885393, 0.720644), (0.884491, 0.722483), (0.888779, 0.768706), (0.88686, 0.770287), (0.888092, 0.765858), (0.958024, 0.791875), (0.958148, 0.787205), (0.959437, 0.793194), (0.915203, 0.817289), (0.916974, 0.820133), (0.913287, 0.819391), (0.883755, 0.725849), (0.884272, 0.723394), (0.886244, 0.726296), (0.886108, 0.724078), (0.884272, 0.723394), (0.884491, 0.722483), (0.876385, 0.682883), (0.877453, 0.68783), (0.876108, 0.684475), (0.842211, 0.584377), (0.83896, 0.584336), (0.843807, 0.578975), (0.886244, 0.726296), (0.884272, 0.723394), (0.886108, 0.724078), (0.886108, 0.724078), (0.884491, 0.722483), (0.885393, 0.720644), (0.959437, 0.793194), (0.958148, 0.787205), (0.960659, 0.789504), (0.880173, 0.730862), (0.877724, 0.73163), (0.875999, 0.729474), (0.856391, 0.601248), (0.855676, 0.597858), (0.860805, 0.597851), (0.939393, 0.836084), (0.935205, 0.833481), (0.938174, 0.832647), (0.939393, 0.836084), (0.936292, 0.835591), (0.935205, 0.833481), (0.135692, 0.138634), (0.138253, 0.147118), (0.131813, 0.145387), (0.877247, 0.69019), (0.875924, 0.691919), (0.874864, 0.686797), (0.880149, 0.705302), (0.877913, 0.703862), (0.877363, 0.70201), (0.9728, 0.713493), (0.971567, 0.707222), (0.979076, 0.709885), (0.878073, 0.692675), (0.875924, 0.691919), (0.877247, 0.69019), (0.930779, 0.850526), (0.934117, 0.849383), (0.931322, 0.851648), (0.93293, 0.829481), (0.936252, 0.823816), (0.936132, 0.830663), (0.875729, 0.673689), (0.876204, 0.675716), (0.873258, 0.675817), (0.900507, 0.730247), (0.902283, 0.740248), (0.899297, 0.73779), (0.308464, 0.0947752), (0.298065, 0.0970685), (0.309798, 0.0904656), (0.908793, 0.788747), (0.907502, 0.790865), (0.905727, 0.788121), (0.854292, 0.555426), (0.852512, 0.554692), (0.853718, 0.551263), (0.877724, 0.73163), (0.879209, 0.736083), (0.875237, 0.732875), (0.931379, 0.822539), (0.932601, 0.82276), (0.93293, 0.829481), (0.875237, 0.732875), (0.879209, 0.736083), (0.876692, 0.73671), (0.968305, 0.553558), (0.966268, 0.549203), (0.96837, 0.550666), (0.904165, 0.810184), (0.903134, 0.811608), (0.902278, 0.809753), (0.881192, 0.700093), (0.880228, 0.698489), (0.880824, 0.695767), (0.970975, 0.638565), (0.973904, 0.635562), (0.974719, 0.638756), (0.896843, 0.755072), (0.897277, 0.748471), (0.900395, 0.753851), (0.845023, 0.544893), (0.844943, 0.541864), (0.848395, 0.539839), (0.961538, 0.728858), (0.964086, 0.726144), (0.96214, 0.731644), (0.894773, 0.717297), (0.897607, 0.720942), (0.895347, 0.722317), (0.927637, 0.830451), (0.927734, 0.826154), (0.930628, 0.830152), (0.863829, 0.682015), (0.864434, 0.685065), (0.861726, 0.682237), (0.959437, 0.793194), (0.956728, 0.796725), (0.958024, 0.791875), (0.928685, 0.803015), (0.928346, 0.808402), (0.925855, 0.802125), (0.860805, 0.597851), (0.86085, 0.592802), (0.863347, 0.597045), (0.87434, 0.699277), (0.877363, 0.70201), (0.874349, 0.702849), (0.121798, 0.169199), (0.122319, 0.174127), (0.116473, 0.169945), (0.961391, 0.79879), (0.956728, 0.796725), (0.959437, 0.793194), (0.862376, 0.629625), (0.863416, 0.635784), (0.859735, 0.634493), (0.903134, 0.811608), (0.904973, 0.813903), (0.902909, 0.813966), (0.875967, 0.696458), (0.878073, 0.692675), (0.879323, 0.695176), (0.8354, 0.538852), (0.838463, 0.541194), (0.832586, 0.542326), (0.978709, 0.545555), (0.987256, 0.549848), (0.968305, 0.553558), (0.845023, 0.544893), (0.848395, 0.539839), (0.849646, 0.544484), (0.864434, 0.685065), (0.86616, 0.686651), (0.861901, 0.687391), (0.831236, 0.570529), (0.833257, 0.567668), (0.833659, 0.577681), (0.969123, 0.757353), (0.965892, 0.756184), (0.97173, 0.755022), (0.877474, 0.699601), (0.879323, 0.695176), (0.880228, 0.698489), (0.855324, 0.566188), (0.856492, 0.564201), (0.855751, 0.568888), (0.885196, 0.697367), (0.885337, 0.699572), (0.884085, 0.697988), (0.879323, 0.695176), (0.877474, 0.699601), (0.875967, 0.696458), (0.968156, 0.786704), (0.965193, 0.789466), (0.9666, 0.782147), (0.928346, 0.808402), (0.928685, 0.803015), (0.930518, 0.808346), (0.877474, 0.699601), (0.877363, 0.70201), (0.87434, 0.699277), (0.924672, 0.824977), (0.927734, 0.826154), (0.927637, 0.830451), (0.223903, 0.0566381), (0.228316, 0.0588577), (0.225929, 0.0580578), (0.736816, 0.0179531), (0.743616, 0.0183095), (0.741897, 0.0214292), (0.736816, 0.0179531), (0.738684, 0.0149753), (0.743616, 0.0183095), (0.849768, 0.569471), (0.84882, 0.570919), (0.850325, 0.567052), (0.822304, 0.572618), (0.822571, 0.575254), (0.821062, 0.57009), (0.850201, 0.603271), (0.847921, 0.604585), (0.848975, 0.599382), (0.888004, 0.700591), (0.885337, 0.699572), (0.885196, 0.697367), (0.879427, 0.738589), (0.877192, 0.739345), (0.876692, 0.73671), (0.888004, 0.700591), (0.886513, 0.701091), (0.885337, 0.699572), (0.966993, 0.723162), (0.964086, 0.726144), (0.96319, 0.723512), (0.738565, 0.0208473), (0.736816, 0.0179531), (0.741897, 0.0214292), (0.882286, 0.730415), (0.884873, 0.73356), (0.882822, 0.734312), (0.833257, 0.567668), (0.836861, 0.572513), (0.833659, 0.577681), (0.88373, 0.727638), (0.880963, 0.725955), (0.883755, 0.725849), (0.879427, 0.738589), (0.876692, 0.73671), (0.879209, 0.736083), (0.882286, 0.730415), (0.880963, 0.725955), (0.88373, 0.727638), (0.882286, 0.730415), (0.88373, 0.727638), (0.884397, 0.729999), (0.8354, 0.538852), (0.836294, 0.536728), (0.838463, 0.541194), (0.837252, 0.576872), (0.833659, 0.577681), (0.836861, 0.572513), (0.882286, 0.730415), (0.884397, 0.729999), (0.884873, 0.73356), (0.884873, 0.73356), (0.884397, 0.729999), (0.88624, 0.730543), (0.961668, 0.795515), (0.961391, 0.79879), (0.959437, 0.793194), (0.883755, 0.725849), (0.885394, 0.727674), (0.88373, 0.727638), (0.883755, 0.725849), (0.886244, 0.726296), (0.885394, 0.727674), (0.88373, 0.727638), (0.885394, 0.727674), (0.884397, 0.729999), (0.861672, 0.639908), (0.86005, 0.643347), (0.859132, 0.639314), (0.884873, 0.73356), (0.88624, 0.730543), (0.886293, 0.732544), (0.849646, 0.544484), (0.85028, 0.54931), (0.846292, 0.549525), (0.265525, 0.11918), (0.263857, 0.113022), (0.27071, 0.117734), (0.900535, 0.750426), (0.900395, 0.753851), (0.897277, 0.748471), (0.886244, 0.726296), (0.886628, 0.728452), (0.885394, 0.727674), (0.906707, 0.810165), (0.903134, 0.811608), (0.904165, 0.810184), (0.906707, 0.810165), (0.904973, 0.813903), (0.903134, 0.811608), (0.885394, 0.727674), (0.88624, 0.730543), (0.884397, 0.729999), (0.88624, 0.730543), (0.885394, 0.727674), (0.886628, 0.728452), (0.88624, 0.730543), (0.886628, 0.728452), (0.887685, 0.731281), (0.913485, 0.822938), (0.916974, 0.820133), (0.916554, 0.823008), (0.88624, 0.730543), (0.887685, 0.731281), (0.886293, 0.732544), (0.971785, 0.755792), (0.968943, 0.759659), (0.969123, 0.757353), (0.935058, 0.839173), (0.933279, 0.841748), (0.931395, 0.840254), (0.900723, 0.788185), (0.900077, 0.786395), (0.902464, 0.788225), (0.856462, 0.62516), (0.853647, 0.62306), (0.856086, 0.620578), (0.884873, 0.73356), (0.885011, 0.735285), (0.882822, 0.734312), (0.877453, 0.68783), (0.877247, 0.69019), (0.876108, 0.684475), (0.96214, 0.731644), (0.965344, 0.733103), (0.962243, 0.735593), (0.856086, 0.620578), (0.857142, 0.623125), (0.856462, 0.62516), (0.88686, 0.738437), (0.885011, 0.735285), (0.887398, 0.73524), (0.884831, 0.738043), (0.885011, 0.735285), (0.88686, 0.738437), (0.850201, 0.603271), (0.851229, 0.606282), (0.847921, 0.604585), (0.925168, 0.8314), (0.928608, 0.833858), (0.925693, 0.835605), (0.888179, 0.73494), (0.887398, 0.73524), (0.887685, 0.731281), (0.965344, 0.733103), (0.96214, 0.731644), (0.964086, 0.726144), (0.885011, 0.735285), (0.884873, 0.73356), (0.886293, 0.732544), (0.887398, 0.73524), (0.885011, 0.735285), (0.886293, 0.732544), (0.884831, 0.738043), (0.887327, 0.743913), (0.883689, 0.739637), (0.916554, 0.823008), (0.915467, 0.826365), (0.913485, 0.822938), (0.887398, 0.73524), (0.886293, 0.732544), (0.887685, 0.731281), (0.900026, 0.789957), (0.900077, 0.786395), (0.900723, 0.788185), (0.849422, 0.564425), (0.852575, 0.56228), (0.850325, 0.567052), (0.900723, 0.788185), (0.900904, 0.792002), (0.900026, 0.789957), (0.920263, 0.80682), (0.919359, 0.811255), (0.918264, 0.808161), (0.87905, 0.691585), (0.877247, 0.69019), (0.877453, 0.68783), (0.263857, 0.113022), (0.267992, 0.110946), (0.27071, 0.117734), (0.833659, 0.577681), (0.837252, 0.576872), (0.834713, 0.582272), (0.920263, 0.80682), (0.920762, 0.810584), (0.919359, 0.811255), (0.853141, 0.632744), (0.85599, 0.636339), (0.852847, 0.640793), (0.850325, 0.567052), (0.853876, 0.567643), (0.850984, 0.568559), (0.87905, 0.691585), (0.878073, 0.692675), (0.877247, 0.69019), (0.922563, 0.809039), (0.920762, 0.810584), (0.920263, 0.80682), (0.882444, 0.75129), (0.883045, 0.754757), (0.880454, 0.752157), (0.965892, 0.756184), (0.966359, 0.761861), (0.963199, 0.763171), (0.856649, 0.627438), (0.858231, 0.626121), (0.859971, 0.627455), (0.904973, 0.813903), (0.905374, 0.818546), (0.904273, 0.818493), (0.86005, 0.643347), (0.861672, 0.639908), (0.861522, 0.644358), (0.89835, 0.754698), (0.901368, 0.757954), (0.896843, 0.755072), (0.918264, 0.808161), (0.919636, 0.804345), (0.920263, 0.80682), (0.886513, 0.701091), (0.884793, 0.702542), (0.885337, 0.699572), (0.901368, 0.757954), (0.89839, 0.760687), (0.896843, 0.755072), (0.905374, 0.818546), (0.904973, 0.813903), (0.907353, 0.816399), (0.968156, 0.786704), (0.966063, 0.792579), (0.965193, 0.789466), (0.850201, 0.603271), (0.852501, 0.603015), (0.851229, 0.606282), (0.876385, 0.682883), (0.87879, 0.679057), (0.879492, 0.683567), (0.900395, 0.753851), (0.901368, 0.757954), (0.89835, 0.754698), (0.936292, 0.835591), (0.935058, 0.839173), (0.931395, 0.840254), (0.966268, 0.549203), (0.968305, 0.553558), (0.963692, 0.552587), (0.876917, 0.708535), (0.877913, 0.703862), (0.878865, 0.708593), (0.963692, 0.552587), (0.968305, 0.553558), (0.964836, 0.557331), (0.925855, 0.802125), (0.922396, 0.80124), (0.923268, 0.795481), (0.881192, 0.700093), (0.881051, 0.701148), (0.880228, 0.698489), (0.91717, 0.825439), (0.915467, 0.826365), (0.916554, 0.823008), (0.971075, 0.643451), (0.974719, 0.638756), (0.972884, 0.645596), (0.849646, 0.544484), (0.852662, 0.548208), (0.85028, 0.54931), (0.972218, 0.650911), (0.972884, 0.645596), (0.976455, 0.647), (0.844554, 0.598291), (0.841264, 0.600114), (0.841168, 0.594967), (0.969123, 0.757353), (0.966359, 0.761861), (0.965892, 0.756184), (0.888779, 0.768706), (0.889047, 0.7736), (0.88686, 0.770287), (0.961213, 0.755568), (0.961791, 0.7627), (0.958045, 0.762986), (0.880149, 0.705302), (0.877363, 0.70201), (0.882522, 0.703309), (0.841794, 0.558696), (0.837841, 0.560963), (0.83839, 0.558574), (0.906405, 0.794377), (0.909776, 0.796647), (0.90924, 0.802004), (0.888179, 0.73494), (0.888709, 0.736649), (0.887398, 0.73524), (0.876204, 0.675716), (0.87879, 0.679057), (0.875568, 0.680496), (0.927637, 0.830451), (0.928608, 0.833858), (0.925168, 0.8314), (0.866662, 0.682507), (0.867204, 0.6847), (0.864434, 0.685065), (0.914879, 0.773038), (0.911383, 0.773291), (0.911377, 0.766859), (0.858231, 0.626121), (0.856462, 0.62516), (0.857142, 0.623125), (0.863829, 0.682015), (0.866662, 0.682507), (0.864434, 0.685065), (0.84622, 0.615187), (0.842203, 0.612096), (0.840376, 0.60759), (0.888779, 0.768706), (0.890448, 0.77086), (0.889047, 0.7736), (0.876385, 0.682883), (0.875568, 0.680496), (0.87879, 0.679057), (0.122835, 0.17988), (0.120968, 0.180889), (0.12216, 0.177795), (0.967182, 0.764498), (0.963199, 0.763171), (0.966359, 0.761861), (0.882211, 0.707382), (0.878865, 0.708593), (0.880149, 0.705302), (0.263857, 0.113022), (0.265525, 0.11918), (0.259847, 0.11655), (0.919853, 0.816647), (0.921917, 0.818858), (0.919071, 0.820441), (0.962878, 0.738283), (0.96111, 0.743167), (0.957717, 0.740718), (0.821924, 0.539383), (0.826667, 0.539713), (0.826293, 0.548502), (0.864434, 0.685065), (0.867204, 0.6847), (0.86616, 0.686651), (0.904973, 0.813903), (0.90803, 0.811879), (0.907353, 0.816399), (0.854384, 0.607334), (0.851229, 0.606282), (0.852501, 0.603015), (0.826667, 0.539713), (0.824076, 0.538535), (0.82664, 0.537316), (0.297992, 0.100318), (0.303891, 0.101771), (0.298775, 0.105179), (0.962878, 0.738283), (0.963372, 0.742025), (0.96111, 0.743167), (0.880934, 0.746539), (0.882686, 0.746372), (0.880194, 0.748665), (0.960622, 0.766351), (0.958725, 0.772415), (0.955734, 0.765116), (0.960622, 0.766351), (0.955734, 0.765116), (0.958045, 0.762986), (0.927453, 0.836666), (0.924244, 0.838102), (0.925693, 0.835605), (0.865852, 0.648244), (0.864991, 0.6533), (0.862755, 0.649526), (0.854384, 0.607334), (0.853747, 0.60875), (0.851229, 0.606282), (0.900723, 0.788185), (0.902464, 0.788225), (0.900904, 0.792002), (0.978859, 0.655035), (0.975089, 0.661123), (0.972221, 0.654978), (0.861701, 0.678686), (0.858565, 0.677783), (0.862646, 0.676082), (0.918475, 0.829914), (0.915467, 0.826365), (0.91717, 0.825439), (0.923741, 0.814714), (0.920762, 0.810584), (0.922563, 0.809039), (0.852954, 0.626465), (0.848767, 0.628237), (0.848544, 0.622183), (0.957415, 0.752296), (0.958647, 0.745418), (0.963754, 0.749039), (0.958647, 0.745418), (0.96111, 0.743167), (0.963754, 0.749039), (0.923741, 0.814714), (0.922563, 0.809039), (0.924653, 0.813802), (0.961581, 0.774024), (0.96291, 0.77206), (0.963428, 0.773504), (0.841107, 0.57247), (0.836805, 0.565877), (0.83943, 0.564444), (0.963428, 0.773504), (0.961372, 0.77777), (0.961581, 0.774024), (0.88686, 0.738437), (0.887327, 0.743913), (0.884831, 0.738043), (0.970069, 0.668577), (0.972025, 0.667508), (0.970581, 0.678288), (0.961213, 0.755568), (0.957415, 0.752296), (0.963754, 0.749039), (0.970581, 0.678288), (0.972025, 0.667508), (0.975448, 0.670507), (0.965403, 0.737194), (0.962243, 0.735593), (0.965344, 0.733103), (0.863829, 0.682015), (0.861726, 0.682237), (0.861701, 0.678686), (0.897504, 0.764498), (0.895314, 0.766683), (0.894135, 0.761823), (0.886011, 0.707178), (0.884299, 0.707798), (0.882211, 0.707382), (0.298775, 0.105179), (0.293269, 0.103649), (0.295777, 0.101973), (0.897969, 0.768237), (0.895314, 0.766683), (0.897504, 0.764498), (0.848433, 0.561713), (0.850165, 0.55331), (0.852575, 0.56228), (0.927453, 0.836666), (0.925693, 0.835605), (0.928608, 0.833858), (0.883359, 0.705602), (0.886011, 0.707178), (0.882211, 0.707382), (0.883359, 0.705602), (0.886902, 0.705302), (0.886011, 0.707178), (0.871901, 0.7144), (0.869515, 0.71465), (0.868413, 0.710373), (0.826901, 0.571917), (0.822571, 0.575254), (0.822304, 0.572618), (0.968943, 0.759659), (0.966359, 0.761861), (0.969123, 0.757353), (0.902148, 0.759731), (0.900598, 0.761269), (0.901368, 0.757954), (0.89839, 0.760687), (0.901368, 0.757954), (0.900598, 0.761269), (0.848975, 0.599382), (0.849115, 0.595946), (0.852181, 0.599796), (0.965403, 0.737194), (0.962878, 0.738283), (0.962243, 0.735593), (0.979828, 0.724715), (0.980067, 0.718256), (0.981525, 0.720491), (0.900598, 0.761269), (0.897504, 0.764498), (0.89839, 0.760687), (0.861522, 0.644358), (0.8614, 0.649472), (0.86005, 0.643347), (0.887327, 0.743913), (0.886082, 0.74513), (0.883689, 0.739637), (0.963372, 0.742025), (0.962878, 0.738283), (0.965403, 0.737194), (0.836294, 0.536728), (0.839908, 0.53715), (0.838463, 0.541194), (0.850165, 0.55331), (0.852512, 0.554692), (0.853088, 0.556514), (0.896651, 0.726342), (0.895347, 0.722317), (0.897607, 0.720942), (0.877187, 0.716954), (0.871901, 0.7144), (0.875232, 0.7134), (0.90253, 0.763517), (0.900598, 0.761269), (0.902148, 0.759731), (0.852954, 0.626465), (0.854723, 0.630124), (0.848767, 0.628237), (0.868567, 0.704498), (0.871839, 0.711054), (0.868413, 0.710373), (0.879492, 0.683567), (0.877453, 0.68783), (0.876385, 0.682883), (0.965892, 0.756184), (0.96294, 0.75821), (0.961213, 0.755568), (0.85599, 0.636339), (0.859132, 0.639314), (0.856258, 0.643202), (0.864338, 0.677116), (0.861701, 0.678686), (0.862646, 0.676082), (0.852358, 0.594624), (0.849115, 0.595946), (0.852551, 0.591995), (0.90924, 0.802004), (0.909776, 0.796647), (0.911032, 0.800465), (0.298775, 0.105179), (0.295777, 0.101973), (0.297992, 0.100318), (0.940735, 0.843469), (0.940434, 0.84071), (0.942747, 0.845906), (0.967182, 0.764498), (0.966359, 0.761861), (0.968943, 0.759659), (0.919916, 0.827166), (0.920938, 0.824134), (0.923109, 0.824886), (0.963372, 0.742025), (0.965403, 0.737194), (0.966796, 0.741446), (0.902337, 0.752165), (0.900395, 0.753851), (0.900535, 0.750426), (0.84622, 0.615187), (0.840376, 0.60759), (0.847921, 0.604585), (0.837841, 0.560963), (0.843069, 0.564003), (0.83943, 0.564444), (0.849115, 0.595946), (0.852358, 0.594624), (0.852181, 0.599796), (0.927453, 0.836666), (0.932387, 0.834164), (0.929945, 0.840746), (0.961213, 0.755568), (0.963754, 0.749039), (0.96717, 0.75078), (0.899577, 0.792867), (0.900026, 0.789957), (0.900098, 0.794562), (0.8802, 0.710499), (0.882211, 0.707382), (0.883002, 0.709323), (0.961372, 0.77777), (0.963428, 0.773504), (0.962606, 0.777271), (0.917294, 0.811138), (0.915203, 0.817289), (0.914017, 0.813076), (0.908793, 0.788747), (0.910785, 0.793038), (0.907502, 0.790865), (0.965898, 0.74702), (0.96111, 0.743167), (0.963372, 0.742025), (0.880454, 0.752157), (0.880194, 0.748665), (0.882444, 0.75129), (0.883359, 0.705602), (0.884793, 0.702542), (0.886902, 0.705302), (0.910785, 0.793038), (0.908461, 0.793165), (0.907502, 0.790865), (0.865684, 0.693374), (0.868567, 0.704498), (0.864789, 0.699942), (0.900904, 0.792002), (0.900098, 0.794562), (0.900026, 0.789957), (0.852936, 0.597594), (0.852181, 0.599796), (0.852358, 0.594624), (0.256104, 0.115576), (0.259847, 0.11655), (0.257166, 0.116556), (0.848544, 0.622183), (0.853647, 0.62306), (0.852954, 0.626465), (0.240538, 0.0608262), (0.24378, 0.063364), (0.237815, 0.0639647), (0.856258, 0.643202), (0.850345, 0.643687), (0.852847, 0.640793), (0.886513, 0.701091), (0.886902, 0.705302), (0.884793, 0.702542), (0.855932, 0.626523), (0.853647, 0.62306), (0.856462, 0.62516), (0.24378, 0.063364), (0.240538, 0.0608262), (0.245033, 0.0621265), (0.257166, 0.116556), (0.259847, 0.11655), (0.260131, 0.120438), (0.901681, 0.796947), (0.898931, 0.797125), (0.900098, 0.794562), (0.858231, 0.626121), (0.856649, 0.627438), (0.856462, 0.62516), (0.900507, 0.730247), (0.90353, 0.731628), (0.90564, 0.738665), (0.841794, 0.558696), (0.843069, 0.564003), (0.837841, 0.560963), (0.855432, 0.561139), (0.852575, 0.56228), (0.853088, 0.556514), (0.852181, 0.599796), (0.850201, 0.603271), (0.848975, 0.599382), (0.854485, 0.604601), (0.855501, 0.60746), (0.854384, 0.607334), (0.84622, 0.615187), (0.840242, 0.623051), (0.842203, 0.612096), (0.938895, 0.838878), (0.935058, 0.839173), (0.936292, 0.835591), (0.861701, 0.678686), (0.864338, 0.677116), (0.863829, 0.682015), (0.852575, 0.56228), (0.850165, 0.55331), (0.853088, 0.556514), (0.961213, 0.755568), (0.96717, 0.75078), (0.965455, 0.754509), (0.890448, 0.77086), (0.890647, 0.774261), (0.889047, 0.7736), (0.966796, 0.741446), (0.965898, 0.74702), (0.963372, 0.742025), (0.961641, 0.782406), (0.959791, 0.782427), (0.961372, 0.77777), (0.856258, 0.643202), (0.857446, 0.652856), (0.850345, 0.643687), (0.882444, 0.75129), (0.880194, 0.748665), (0.882686, 0.746372), (0.923965, 0.822512), (0.920938, 0.824134), (0.919469, 0.822285), (0.843069, 0.564003), (0.844777, 0.565953), (0.83943, 0.564444), (0.916974, 0.820133), (0.915203, 0.817289), (0.917333, 0.818346), (0.879323, 0.695176), (0.87905, 0.691585), (0.882995, 0.692016), (0.925847, 0.808018), (0.925855, 0.802125), (0.928346, 0.808402), (0.972221, 0.654978), (0.975089, 0.661123), (0.970419, 0.660868), (0.879323, 0.695176), (0.882995, 0.692016), (0.880824, 0.695767), (0.886011, 0.707178), (0.886902, 0.705302), (0.888214, 0.709881), (0.937771, 0.844167), (0.935058, 0.839173), (0.940735, 0.843469), (0.967697, 0.767584), (0.967198, 0.771759), (0.963396, 0.76821), (0.879323, 0.695176), (0.878073, 0.692675), (0.87905, 0.691585), (0.868554, 0.632131), (0.869994, 0.636051), (0.868072, 0.636765), (0.938895, 0.838878), (0.940735, 0.843469), (0.935058, 0.839173), (0.965898, 0.74702), (0.963754, 0.749039), (0.96111, 0.743167), (0.84438, 0.547822), (0.845023, 0.544893), (0.849646, 0.544484), (0.864338, 0.677116), (0.8678, 0.676518), (0.863829, 0.682015), (0.879323, 0.695176), (0.880824, 0.695767), (0.880228, 0.698489), (0.863829, 0.682015), (0.8678, 0.676518), (0.866662, 0.682507), (0.261419, 0.114314), (0.26484, 0.110965), (0.263857, 0.113022), (0.842609, 0.534405), (0.844029, 0.533185), (0.845823, 0.534078), (0.961213, 0.755568), (0.96294, 0.75821), (0.961791, 0.7627), (0.959791, 0.782427), (0.961641, 0.782406), (0.961525, 0.785518), (0.855932, 0.626523), (0.856462, 0.62516), (0.856649, 0.627438), (0.911032, 0.800465), (0.91257, 0.799725), (0.911408, 0.801955), (0.87731, 0.711742), (0.876917, 0.708535), (0.8802, 0.710499), (0.970581, 0.678288), (0.974383, 0.680047), (0.97075, 0.685652), (0.845667, 0.623501), (0.840242, 0.623051), (0.84622, 0.615187), (0.83943, 0.564444), (0.845592, 0.569598), (0.842667, 0.570932), (0.83943, 0.564444), (0.844777, 0.565953), (0.845592, 0.569598), (0.961641, 0.782406), (0.961372, 0.77777), (0.962606, 0.777271), (0.848433, 0.561713), (0.852575, 0.56228), (0.849422, 0.564425), (0.864991, 0.6533), (0.870118, 0.654402), (0.864211, 0.65459), (0.330215, 0.0897987), (0.334542, 0.0819384), (0.335175, 0.0872887), (0.883359, 0.705602), (0.882522, 0.703309), (0.884793, 0.702542), (0.923109, 0.824886), (0.920938, 0.824134), (0.923965, 0.822512), (0.8802, 0.710499), (0.876917, 0.708535), (0.878865, 0.708593), (0.852847, 0.640793), (0.85599, 0.636339), (0.856258, 0.643202), (0.961641, 0.782406), (0.962606, 0.777271), (0.964311, 0.780059), (0.849646, 0.544484), (0.846292, 0.549525), (0.84438, 0.547822), (0.840936, 0.576769), (0.83896, 0.584336), (0.837252, 0.576872), (0.960622, 0.766351), (0.958045, 0.762986), (0.961791, 0.7627), (0.854485, 0.604601), (0.856819, 0.605902), (0.855501, 0.60746), (0.833941, 0.612232), (0.838334, 0.614589), (0.836851, 0.621599), (0.848544, 0.622183), (0.845667, 0.623501), (0.84622, 0.615187), (0.910785, 0.793038), (0.909776, 0.796647), (0.908461, 0.793165), (0.919853, 0.816647), (0.917333, 0.818346), (0.915203, 0.817289), (0.889981, 0.742085), (0.88686, 0.738437), (0.888709, 0.736649), (0.826901, 0.571917), (0.824322, 0.581281), (0.823219, 0.579036), (0.912112, 0.796051), (0.909776, 0.796647), (0.910785, 0.793038), (0.909776, 0.796647), (0.912112, 0.796051), (0.911032, 0.800465), (0.857053, 0.629328), (0.854723, 0.630124), (0.855738, 0.628458), (0.857053, 0.629328), (0.859287, 0.630515), (0.854723, 0.630124), (0.82664, 0.537316), (0.830812, 0.537836), (0.826667, 0.539713), (0.303891, 0.101771), (0.297992, 0.100318), (0.298065, 0.0970685), (0.963496, 0.834363), (0.962737, 0.839042), (0.961285, 0.830807), (0.8802, 0.710499), (0.878865, 0.708593), (0.882211, 0.707382), (0.967697, 0.767584), (0.967182, 0.764498), (0.970555, 0.765819), (0.856258, 0.643202), (0.8614, 0.649472), (0.857446, 0.652856), (0.871386, 0.70461), (0.868567, 0.704498), (0.869271, 0.698854), (0.928608, 0.833858), (0.927637, 0.830451), (0.930127, 0.833597), (0.927637, 0.830451), (0.930628, 0.830152), (0.930127, 0.833597), (0.868072, 0.636765), (0.869994, 0.636051), (0.869541, 0.643132), (0.889047, 0.7736), (0.890647, 0.774261), (0.889839, 0.777945), (0.87731, 0.711742), (0.8802, 0.710499), (0.880844, 0.71321), (0.267992, 0.110946), (0.263857, 0.113022), (0.26484, 0.110965), (0.88686, 0.738437), (0.889981, 0.742085), (0.887327, 0.743913), (0.938895, 0.838878), (0.936292, 0.835591), (0.939393, 0.836084), (0.919853, 0.816647), (0.915203, 0.817289), (0.917294, 0.811138), (0.846292, 0.549525), (0.850165, 0.55331), (0.84334, 0.551474), (0.885344, 0.710522), (0.883151, 0.710865), (0.885495, 0.710141), (0.122835, 0.17988), (0.122394, 0.183633), (0.120968, 0.180889), (0.928608, 0.833858), (0.930127, 0.833597), (0.927453, 0.836666), (0.834809, 0.556476), (0.834666, 0.559859), (0.832183, 0.557864), (0.852421, 0.588153), (0.850055, 0.586146), (0.852703, 0.58477), (0.931543, 0.853831), (0.931322, 0.851648), (0.932882, 0.853817), (0.96918, 0.769597), (0.967198, 0.771759), (0.967697, 0.767584), (0.885691, 0.711721), (0.883151, 0.710865), (0.885344, 0.710522), (0.850984, 0.568559), (0.851842, 0.571796), (0.849768, 0.569471), (0.836851, 0.621599), (0.838334, 0.614589), (0.840242, 0.623051), (0.887327, 0.743913), (0.889981, 0.742085), (0.890382, 0.744968), (0.8802, 0.710499), (0.883151, 0.710865), (0.880844, 0.71321), (0.902337, 0.752165), (0.902317, 0.754067), (0.900395, 0.753851), (0.244563, 0.114547), (0.243149, 0.11934), (0.24279, 0.11527), (0.244563, 0.114547), (0.246972, 0.118054), (0.243149, 0.11934), (0.851842, 0.571796), (0.849499, 0.573299), (0.849768, 0.569471), (0.885344, 0.710522), (0.885495, 0.710141), (0.888214, 0.709881), (0.856649, 0.627438), (0.859971, 0.627455), (0.857053, 0.629328), (0.849499, 0.573299), (0.850954, 0.574182), (0.849749, 0.57587), (0.875243, 0.720512), (0.871901, 0.7144), (0.877187, 0.716954), (0.902385, 0.791617), (0.900904, 0.792002), (0.902464, 0.788225), (0.912611, 0.793686), (0.912112, 0.796051), (0.910785, 0.793038), (0.864211, 0.65459), (0.870118, 0.654402), (0.868843, 0.656728), (0.883359, 0.705602), (0.882211, 0.707382), (0.880149, 0.705302), (0.919853, 0.816647), (0.917294, 0.811138), (0.919641, 0.81351), (0.969787, 0.541911), (0.978709, 0.545555), (0.969241, 0.546532), (0.900904, 0.792002), (0.902385, 0.791617), (0.905304, 0.792067), (0.902331, 0.756066), (0.900395, 0.753851), (0.902317, 0.754067), (0.855932, 0.626523), (0.855738, 0.628458), (0.852954, 0.626465), (0.871989, 0.656693), (0.868843, 0.656728), (0.870118, 0.654402), (0.859287, 0.630515), (0.858519, 0.633212), (0.854723, 0.630124), (0.968172, 0.544364), (0.969787, 0.541911), (0.969241, 0.546532), (0.855716, 0.585975), (0.854603, 0.590203), (0.852421, 0.588153), (0.919931, 0.838428), (0.918092, 0.838345), (0.917934, 0.838112), (0.916681, 0.838691), (0.919943, 0.840045), (0.91857, 0.842292), (0.248258, 0.114048), (0.246932, 0.115142), (0.244563, 0.114547), (0.978709, 0.545555), (0.96837, 0.550666), (0.969241, 0.546532), (0.901681, 0.796947), (0.900098, 0.794562), (0.900904, 0.792002), (0.852575, 0.56228), (0.853876, 0.567643), (0.850325, 0.567052), (0.885344, 0.710522), (0.888214, 0.709881), (0.885691, 0.711721), (0.919853, 0.816647), (0.918238, 0.81978), (0.917333, 0.818346), (0.916681, 0.838691), (0.917934, 0.838112), (0.918092, 0.838345), (0.871386, 0.70461), (0.871839, 0.711054), (0.868567, 0.704498), (0.900904, 0.792002), (0.905304, 0.792067), (0.906405, 0.794377), (0.972218, 0.650911), (0.979173, 0.649983), (0.978859, 0.655035), (0.852575, 0.56228), (0.855324, 0.566188), (0.853876, 0.567643), (0.87434, 0.699277), (0.875967, 0.696458), (0.877474, 0.699601), (0.908793, 0.788747), (0.911317, 0.79023), (0.910785, 0.793038), (0.839295, 0.55577), (0.841794, 0.558696), (0.83839, 0.558574), (0.918092, 0.838345), (0.919931, 0.838428), (0.919943, 0.840045), (0.883002, 0.709323), (0.882211, 0.707382), (0.884299, 0.707798), (0.886902, 0.705302), (0.886513, 0.701091), (0.888004, 0.700591), (0.904886, 0.802629), (0.906931, 0.802017), (0.905767, 0.804696), (0.831435, 0.546894), (0.826667, 0.539713), (0.830812, 0.537836), (0.960622, 0.766351), (0.960535, 0.771956), (0.958725, 0.772415), (0.844554, 0.598291), (0.840376, 0.60759), (0.841264, 0.600114), (0.89615, 0.710766), (0.899291, 0.720409), (0.894114, 0.712864), (0.246932, 0.115142), (0.246972, 0.118054), (0.244563, 0.114547), (0.905767, 0.804696), (0.906931, 0.802017), (0.905906, 0.80637), (0.916681, 0.838691), (0.918092, 0.838345), (0.919943, 0.840045), (0.889485, 0.704257), (0.886902, 0.705302), (0.888004, 0.700591), (0.83839, 0.558574), (0.834666, 0.559859), (0.834809, 0.556476), (0.837841, 0.560963), (0.834666, 0.559859), (0.83839, 0.558574), (0.919853, 0.816647), (0.919071, 0.820441), (0.918238, 0.81978), (0.900904, 0.792002), (0.906405, 0.794377), (0.901681, 0.796947), (0.885691, 0.711721), (0.887334, 0.714329), (0.885738, 0.713576), (0.848767, 0.628237), (0.854723, 0.630124), (0.853141, 0.632744), (0.850267, 0.635624), (0.848767, 0.628237), (0.853141, 0.632744), (0.233673, 0.0601099), (0.228316, 0.0588577), (0.233422, 0.0523877), (0.901681, 0.796947), (0.904418, 0.799407), (0.898931, 0.797125), (0.887215, 0.715685), (0.887656, 0.719959), (0.885738, 0.713576), (0.902283, 0.740248), (0.900507, 0.730247), (0.90564, 0.738665), (0.851988, 0.573928), (0.85406, 0.57119), (0.853804, 0.574648), (0.971567, 0.707222), (0.971608, 0.69758), (0.978884, 0.702649), (0.852512, 0.554692), (0.854292, 0.555426), (0.853088, 0.556514), (0.138253, 0.147118), (0.133406, 0.149812), (0.131813, 0.145387), (0.961061, 0.769609), (0.960622, 0.766351), (0.961791, 0.7627), (0.126937, 0.157323), (0.126671, 0.159082), (0.123512, 0.157547), (0.887334, 0.714329), (0.887215, 0.715685), (0.885738, 0.713576), (0.940735, 0.843469), (0.942747, 0.845906), (0.940617, 0.848377), (0.911317, 0.79023), (0.912611, 0.793686), (0.910785, 0.793038), (0.978709, 0.545555), (0.968305, 0.553558), (0.96837, 0.550666), (0.851988, 0.573928), (0.850954, 0.574182), (0.851842, 0.571796), (0.858519, 0.633212), (0.859287, 0.630515), (0.859735, 0.634493), (0.961061, 0.769609), (0.960535, 0.771956), (0.960622, 0.766351), (0.841794, 0.558696), (0.845225, 0.561914), (0.843069, 0.564003), (0.240538, 0.0608262), (0.233673, 0.0601099), (0.233422, 0.0523877), (0.927453, 0.836666), (0.930127, 0.833597), (0.932387, 0.834164), (0.871839, 0.711054), (0.871901, 0.7144), (0.868413, 0.710373), (0.96837, 0.550666), (0.966268, 0.549203), (0.969241, 0.546532), (0.25178, 0.117565), (0.246972, 0.118054), (0.249805, 0.115654), (0.887334, 0.714329), (0.885691, 0.711721), (0.891057, 0.715283), (0.863549, 0.667742), (0.859197, 0.665871), (0.861567, 0.665321), (0.906931, 0.802017), (0.907953, 0.806591), (0.905906, 0.80637), (0.884911, 0.681764), (0.884792, 0.688966), (0.883243, 0.681631), (0.923109, 0.824886), (0.925168, 0.8314), (0.919916, 0.827166), (0.878799, 0.714772), (0.877187, 0.716954), (0.875232, 0.7134), (0.936309, 0.852401), (0.936927, 0.849566), (0.940158, 0.850684), (0.839908, 0.53715), (0.836294, 0.536728), (0.842609, 0.534405), (0.937771, 0.844167), (0.940735, 0.843469), (0.940617, 0.848377), (0.961061, 0.769609), (0.96291, 0.77206), (0.960535, 0.771956), (0.832586, 0.542326), (0.831435, 0.546894), (0.830812, 0.537836), (0.902331, 0.756066), (0.901368, 0.757954), (0.900395, 0.753851), (0.837841, 0.560963), (0.836805, 0.565877), (0.834666, 0.559859), (0.8614, 0.649472), (0.861818, 0.654525), (0.860476, 0.655423), (0.837841, 0.560963), (0.83943, 0.564444), (0.836805, 0.565877), (0.848767, 0.628237), (0.845667, 0.623501), (0.848544, 0.622183), (0.839295, 0.55577), (0.83839, 0.558574), (0.834809, 0.556476), (0.91257, 0.799725), (0.911032, 0.800465), (0.912112, 0.796051), (0.969496, 0.556577), (0.987256, 0.549848), (0.978684, 0.556603), (0.906931, 0.802017), (0.904886, 0.802629), (0.904418, 0.799407), (0.942747, 0.845906), (0.943585, 0.849208), (0.940617, 0.848377), (0.881051, 0.701148), (0.877363, 0.70201), (0.877474, 0.699601), (0.849768, 0.569471), (0.850325, 0.567052), (0.850984, 0.568559), (0.968943, 0.759659), (0.971477, 0.762446), (0.967182, 0.764498), (0.845667, 0.623501), (0.846407, 0.638392), (0.841556, 0.632927), (0.890647, 0.774261), (0.894367, 0.777856), (0.889839, 0.777945), (0.854603, 0.590203), (0.855716, 0.585975), (0.858904, 0.590801), (0.914663, 0.797219), (0.91257, 0.799725), (0.912112, 0.796051), (0.902317, 0.754067), (0.906036, 0.756551), (0.902331, 0.756066), (0.969496, 0.556577), (0.968305, 0.553558), (0.987256, 0.549848), (0.86245, 0.664028), (0.863549, 0.667742), (0.861567, 0.665321), (0.918252, 0.781795), (0.920767, 0.781169), (0.923488, 0.789555), (0.887215, 0.715685), (0.887334, 0.714329), (0.888533, 0.71753), (0.857053, 0.629328), (0.855738, 0.628458), (0.856649, 0.627438), (0.963237, 0.842943), (0.963178, 0.84653), (0.957378, 0.845192), (0.884911, 0.681764), (0.888591, 0.691474), (0.884792, 0.688966), (0.919071, 0.820441), (0.916554, 0.823008), (0.916974, 0.820133), (0.930628, 0.830152), (0.93293, 0.829481), (0.932593, 0.83167), (0.824385, 0.560539), (0.825924, 0.563355), (0.820768, 0.560165), (0.126937, 0.157323), (0.129667, 0.157489), (0.126671, 0.159082), (0.23252, 0.0628513), (0.228316, 0.0588577), (0.233673, 0.0601099), (0.914083, 0.801164), (0.91257, 0.799725), (0.914663, 0.797219), (0.854292, 0.555426), (0.857813, 0.560959), (0.853088, 0.556514), (0.8614, 0.649472), (0.861522, 0.644358), (0.862755, 0.649526), (0.246932, 0.115142), (0.249805, 0.115654), (0.246972, 0.118054), (0.905906, 0.80637), (0.907953, 0.806591), (0.906707, 0.810165), (0.90434, 0.759025), (0.902331, 0.756066), (0.906036, 0.756551), (0.852847, 0.640793), (0.850267, 0.635624), (0.853141, 0.632744), (0.246932, 0.115142), (0.248258, 0.114048), (0.249805, 0.115654), (0.894203, 0.77585), (0.894367, 0.777856), (0.890647, 0.774261), (0.842203, 0.612096), (0.840242, 0.623051), (0.838334, 0.614589), (0.855432, 0.561139), (0.853088, 0.556514), (0.857813, 0.560959), (0.850267, 0.635624), (0.845667, 0.623501), (0.848767, 0.628237), (0.918252, 0.781795), (0.918069, 0.774054), (0.920767, 0.781169), (0.919071, 0.820441), (0.916974, 0.820133), (0.918238, 0.81978), (0.914879, 0.773038), (0.918069, 0.774054), (0.918252, 0.781795), (0.906405, 0.794377), (0.904418, 0.799407), (0.901681, 0.796947), (0.919071, 0.820441), (0.919469, 0.822285), (0.916554, 0.823008), (0.846353, 0.59598), (0.847921, 0.604585), (0.844554, 0.598291), (0.963908, 0.784206), (0.961641, 0.782406), (0.964122, 0.78194), (0.855738, 0.628458), (0.855932, 0.626523), (0.856649, 0.627438), (0.963036, 0.848351), (0.960528, 0.850307), (0.963178, 0.84653), (0.916554, 0.823008), (0.919469, 0.822285), (0.919182, 0.824604), (0.850267, 0.635624), (0.846407, 0.638392), (0.845667, 0.623501), (0.969496, 0.556577), (0.978684, 0.556603), (0.968828, 0.559173), (0.252082, 0.115603), (0.249805, 0.115654), (0.248258, 0.114048), (0.295777, 0.101973), (0.293269, 0.103649), (0.293275, 0.0994151), (0.968943, 0.759659), (0.970614, 0.759988), (0.971477, 0.762446), (0.975448, 0.670507), (0.972025, 0.667508), (0.979853, 0.664066), (0.972025, 0.667508), (0.975089, 0.661123), (0.979853, 0.664066), (0.839908, 0.53715), (0.842609, 0.534405), (0.845823, 0.534078), (0.880228, 0.698489), (0.881051, 0.701148), (0.877474, 0.699601), (0.907953, 0.806591), (0.910087, 0.807125), (0.906707, 0.810165), (0.963908, 0.784206), (0.961525, 0.785518), (0.961641, 0.782406), (0.971201, 0.725478), (0.972016, 0.718441), (0.980067, 0.718256), (0.930628, 0.830152), (0.927734, 0.826154), (0.928451, 0.824945), (0.890382, 0.744968), (0.891283, 0.748861), (0.886082, 0.74513), (0.871795, 0.701515), (0.871386, 0.70461), (0.869271, 0.698854), (0.850954, 0.574182), (0.851988, 0.573928), (0.85298, 0.575738), (0.887215, 0.715685), (0.888533, 0.71753), (0.887656, 0.719959), (0.968943, 0.759659), (0.972285, 0.756635), (0.970614, 0.759988), (0.847921, 0.604585), (0.840376, 0.60759), (0.844554, 0.598291), (0.825924, 0.563355), (0.824385, 0.560539), (0.828511, 0.559684), (0.131711, 0.152138), (0.139018, 0.151726), (0.134528, 0.154603), (0.967098, 0.556756), (0.969496, 0.556577), (0.968828, 0.559173), (0.968305, 0.553558), (0.969496, 0.556577), (0.967098, 0.556756), (0.855033, 0.59322), (0.854603, 0.590203), (0.858904, 0.590801), (0.971201, 0.725478), (0.980067, 0.718256), (0.979828, 0.724715), (0.890587, 0.707805), (0.888214, 0.709881), (0.886902, 0.705302), (0.877839, 0.723658), (0.877187, 0.716954), (0.880042, 0.719758), (0.902283, 0.740248), (0.90564, 0.738665), (0.908402, 0.746908), (0.91717, 0.825439), (0.919182, 0.824604), (0.919916, 0.827166), (0.870766, 0.688797), (0.871978, 0.694111), (0.869048, 0.688524), (0.903853, 0.745887), (0.902283, 0.740248), (0.908402, 0.746908), (0.861818, 0.654525), (0.8614, 0.649472), (0.864211, 0.65459), (0.970555, 0.765819), (0.967182, 0.764498), (0.971477, 0.762446), (0.922561, 0.839412), (0.919931, 0.838428), (0.922917, 0.837354), (0.932593, 0.83167), (0.930127, 0.833597), (0.930628, 0.830152), (0.133406, 0.149812), (0.139018, 0.151726), (0.131711, 0.152138), (0.853804, 0.574648), (0.85298, 0.575738), (0.851988, 0.573928), (0.901368, 0.757954), (0.902331, 0.756066), (0.90434, 0.759025), (0.922561, 0.839412), (0.922917, 0.837354), (0.924244, 0.838102), (0.330465, 0.0792905), (0.334542, 0.0819384), (0.32527, 0.0865772), (0.840376, 0.60759), (0.842203, 0.612096), (0.838334, 0.614589), (0.256104, 0.115576), (0.254096, 0.115327), (0.25412, 0.113139), (0.871978, 0.694111), (0.873094, 0.690421), (0.872818, 0.692249), (0.922561, 0.839412), (0.923308, 0.84198), (0.919943, 0.840045), (0.862755, 0.649526), (0.864211, 0.65459), (0.8614, 0.649472), (0.866663, 0.672197), (0.8678, 0.676518), (0.862646, 0.676082), (0.871839, 0.711054), (0.871386, 0.70461), (0.874899, 0.707949), (0.864172, 0.671037), (0.866663, 0.672197), (0.862646, 0.676082), (0.885337, 0.699572), (0.881192, 0.700093), (0.884085, 0.697988), (0.914083, 0.801164), (0.914663, 0.797219), (0.916767, 0.80079), (0.837252, 0.576872), (0.83896, 0.584336), (0.834713, 0.582272), (0.971567, 0.707222), (0.9728, 0.713493), (0.972016, 0.718441), (0.91717, 0.825439), (0.916554, 0.823008), (0.919182, 0.824604), (0.836895, 0.587012), (0.834713, 0.582272), (0.83896, 0.584336), (0.889569, 0.721702), (0.889664, 0.72653), (0.887656, 0.719959), (0.922917, 0.837354), (0.922884, 0.834134), (0.925693, 0.835605), (0.902148, 0.759731), (0.901368, 0.757954), (0.90434, 0.759025), (0.881051, 0.701148), (0.882522, 0.703309), (0.877363, 0.70201), (0.843373, 0.537873), (0.841731, 0.542982), (0.839908, 0.53715), (0.880454, 0.752157), (0.883045, 0.754757), (0.882068, 0.756836), (0.97438, 0.564568), (0.96886, 0.565854), (0.969881, 0.561733), (0.881192, 0.700093), (0.885337, 0.699572), (0.884793, 0.702542), (0.855738, 0.628458), (0.854723, 0.630124), (0.852954, 0.626465), (0.828788, 0.566546), (0.822289, 0.565683), (0.825924, 0.563355), (0.865486, 0.670053), (0.866663, 0.672197), (0.864172, 0.671037), (0.870766, 0.688797), (0.873094, 0.690421), (0.871978, 0.694111), (0.882121, 0.702158), (0.881192, 0.700093), (0.884793, 0.702542), (0.839908, 0.53715), (0.841731, 0.542982), (0.838463, 0.541194), (0.883151, 0.710865), (0.8802, 0.710499), (0.883002, 0.709323), (0.901188, 0.743779), (0.902283, 0.740248), (0.903853, 0.745887), (0.889569, 0.721702), (0.888533, 0.71753), (0.890669, 0.719427), (0.887656, 0.719959), (0.888533, 0.71753), (0.889569, 0.721702), (0.875232, 0.7134), (0.871901, 0.7144), (0.871839, 0.711054), (0.932593, 0.83167), (0.935205, 0.833481), (0.932387, 0.834164), (0.854723, 0.630124), (0.85572, 0.633356), (0.853141, 0.632744), (0.882121, 0.702158), (0.882522, 0.703309), (0.881051, 0.701148), (0.973977, 0.732404), (0.979828, 0.724715), (0.979091, 0.732584), (0.932387, 0.834164), (0.930127, 0.833597), (0.932593, 0.83167), (0.846407, 0.638392), (0.850267, 0.635624), (0.850345, 0.643687), (0.257166, 0.116556), (0.260131, 0.120438), (0.257567, 0.121992), (0.882121, 0.702158), (0.884793, 0.702542), (0.882522, 0.703309), (0.961951, 0.866417), (0.957957, 0.864994), (0.962827, 0.86015), (0.257166, 0.116556), (0.257567, 0.121992), (0.255089, 0.120605), (0.857446, 0.652856), (0.853022, 0.654815), (0.849047, 0.649393), (0.970168, 0.567272), (0.96886, 0.565854), (0.97438, 0.564568), (0.881192, 0.700093), (0.882121, 0.702158), (0.881051, 0.701148), (0.96366, 0.0220459), (0.95806, 0.0225515), (0.960452, 0.0179154), (0.253898, 0.127176), (0.255089, 0.120605), (0.257567, 0.121992), (0.852551, 0.591995), (0.852421, 0.588153), (0.854603, 0.590203), (0.966286, 0.564793), (0.968828, 0.559173), (0.969881, 0.561733), (0.968463, 0.597289), (0.970887, 0.594021), (0.971655, 0.603858), (0.129132, 0.155064), (0.129667, 0.157489), (0.126937, 0.157323), (0.922561, 0.839412), (0.919943, 0.840045), (0.919931, 0.838428), (0.865486, 0.670053), (0.868022, 0.67027), (0.866663, 0.672197), (0.90253, 0.763517), (0.902714, 0.765902), (0.900598, 0.761269), (0.970555, 0.765819), (0.96918, 0.769597), (0.967697, 0.767584), (0.852551, 0.591995), (0.854603, 0.590203), (0.855033, 0.59322), (0.859563, 0.573472), (0.861673, 0.57151), (0.860776, 0.577061), (0.883359, 0.705602), (0.880149, 0.705302), (0.882522, 0.703309), (0.882068, 0.756836), (0.883045, 0.754757), (0.884069, 0.757141), (0.130333, 0.16024), (0.126671, 0.159082), (0.129667, 0.157489), (0.844309, 0.643264), (0.850345, 0.643687), (0.849047, 0.649393), (0.871773, 0.642485), (0.874145, 0.647172), (0.869541, 0.643132), (0.925693, 0.835605), (0.922884, 0.834134), (0.925168, 0.8314), (0.913011, 0.789845), (0.911317, 0.79023), (0.913957, 0.789037), (0.884299, 0.707798), (0.885495, 0.710141), (0.883002, 0.709323), (0.256104, 0.115576), (0.257166, 0.116556), (0.255089, 0.120605), (0.966286, 0.564793), (0.969881, 0.561733), (0.96886, 0.565854), (0.885495, 0.710141), (0.884299, 0.707798), (0.886011, 0.707178), (0.824385, 0.560539), (0.826455, 0.558748), (0.828511, 0.559684), (0.936292, 0.835591), (0.932387, 0.834164), (0.935205, 0.833481), (0.863549, 0.667742), (0.864172, 0.671037), (0.861364, 0.669863), (0.256104, 0.115576), (0.255089, 0.120605), (0.254096, 0.115327), (0.922561, 0.839412), (0.924244, 0.838102), (0.925217, 0.839305), (0.254096, 0.115327), (0.255089, 0.120605), (0.251828, 0.123663), (0.969241, 0.546532), (0.966268, 0.549203), (0.968172, 0.544364), (0.826455, 0.558748), (0.824385, 0.560539), (0.82222, 0.558542), (0.871216, 0.686169), (0.870766, 0.688797), (0.869048, 0.688524), (0.883151, 0.710865), (0.883002, 0.709323), (0.885495, 0.710141), (0.254096, 0.115327), (0.251828, 0.123663), (0.25178, 0.117565), (0.916178, 0.779615), (0.914576, 0.775921), (0.914879, 0.773038), (0.871839, 0.711054), (0.874899, 0.707949), (0.875232, 0.7134), (0.904908, 0.763223), (0.904266, 0.765487), (0.90253, 0.763517), (0.890382, 0.744968), (0.886082, 0.74513), (0.887327, 0.743913), (0.855033, 0.59322), (0.852358, 0.594624), (0.852551, 0.591995), (0.23252, 0.0628513), (0.233673, 0.0601099), (0.23555, 0.0635679), (0.959791, 0.782427), (0.956675, 0.778714), (0.959946, 0.777209), (0.884792, 0.688966), (0.888591, 0.691474), (0.886694, 0.692172), (0.871216, 0.686169), (0.873094, 0.690421), (0.870766, 0.688797), (0.971201, 0.725478), (0.979828, 0.724715), (0.973977, 0.732404), (0.888214, 0.709881), (0.885495, 0.710141), (0.886011, 0.707178), (0.902714, 0.765902), (0.90253, 0.763517), (0.904266, 0.765487), (0.860133, 0.657489), (0.856758, 0.6551), (0.860476, 0.655423), (0.902714, 0.765902), (0.904266, 0.765487), (0.903897, 0.767865), (0.913011, 0.789845), (0.912611, 0.793686), (0.911317, 0.79023), (0.856492, 0.564201), (0.855432, 0.561139), (0.857813, 0.560959), (0.864172, 0.671037), (0.863549, 0.667742), (0.865486, 0.670053), (0.886694, 0.692172), (0.888591, 0.691474), (0.886849, 0.695554), (0.861319, 0.607938), (0.863509, 0.605887), (0.863946, 0.610236), (0.877839, 0.723658), (0.875243, 0.720512), (0.877187, 0.716954), (0.85599, 0.636339), (0.853141, 0.632744), (0.85572, 0.633356), (0.297992, 0.100318), (0.293275, 0.0994151), (0.298065, 0.0970685), (0.958725, 0.772415), (0.959946, 0.777209), (0.956675, 0.778714), (0.252082, 0.115603), (0.25412, 0.113139), (0.254096, 0.115327), (0.900507, 0.730247), (0.899291, 0.720409), (0.90353, 0.731628), (0.961581, 0.774024), (0.959946, 0.777209), (0.958725, 0.772415), (0.913011, 0.789845), (0.913957, 0.789037), (0.915662, 0.791009), (0.839144, 0.592951), (0.832306, 0.597505), (0.835562, 0.589947), (0.837201, 0.596605), (0.832306, 0.597505), (0.839144, 0.592951), (0.913011, 0.789845), (0.915662, 0.791009), (0.912611, 0.793686), (0.980164, 0.679379), (0.979092, 0.673572), (0.981076, 0.671058), (0.836895, 0.587012), (0.839144, 0.592951), (0.835562, 0.589947), (0.861319, 0.607938), (0.863946, 0.610236), (0.862912, 0.612355), (0.254096, 0.115327), (0.25178, 0.117565), (0.252082, 0.115603), (0.893884, 0.787518), (0.895504, 0.790913), (0.894731, 0.793145), (0.882068, 0.756836), (0.884069, 0.757141), (0.886271, 0.760285), (0.96886, 0.565854), (0.96718, 0.566822), (0.966286, 0.564793), (0.297992, 0.100318), (0.295777, 0.101973), (0.293275, 0.0994151), (0.886271, 0.760285), (0.884123, 0.760737), (0.882068, 0.756836), (0.911317, 0.79023), (0.911952, 0.78582), (0.913957, 0.789037), (0.25178, 0.117565), (0.249805, 0.115654), (0.252082, 0.115603), (0.968836, 0.644241), (0.972884, 0.645596), (0.972218, 0.650911), (0.852575, 0.56228), (0.855432, 0.561139), (0.855324, 0.566188), (0.860776, 0.577061), (0.858481, 0.577242), (0.859563, 0.573472), (0.90924, 0.802004), (0.906931, 0.802017), (0.908041, 0.80174), (0.904266, 0.765487), (0.907199, 0.771609), (0.903897, 0.767865), (0.897607, 0.720942), (0.899291, 0.720409), (0.900507, 0.730247), (0.963428, 0.773504), (0.96612, 0.776659), (0.962606, 0.777271), (0.959791, 0.782427), (0.959946, 0.777209), (0.961372, 0.77777), (0.874899, 0.707949), (0.87731, 0.711742), (0.875232, 0.7134), (0.918252, 0.781795), (0.916433, 0.785252), (0.916178, 0.779615), (0.839908, 0.53715), (0.845823, 0.534078), (0.843373, 0.537873), (0.233688, 0.113749), (0.224044, 0.113135), (0.226413, 0.109219), (0.904973, 0.813903), (0.906707, 0.810165), (0.90803, 0.811879), (0.90924, 0.802004), (0.907953, 0.806591), (0.906931, 0.802017), (0.822571, 0.575254), (0.826901, 0.571917), (0.823219, 0.579036), (0.912611, 0.793686), (0.915662, 0.791009), (0.915694, 0.794151), (0.855932, 0.626523), (0.852954, 0.626465), (0.853647, 0.62306), (0.859388, 0.585216), (0.860678, 0.584116), (0.861, 0.586166), (0.925217, 0.839305), (0.924244, 0.838102), (0.927453, 0.836666), (0.90924, 0.802004), (0.910087, 0.807125), (0.907953, 0.806591), (0.921917, 0.818858), (0.919469, 0.822285), (0.919071, 0.820441), (0.915694, 0.794151), (0.912112, 0.796051), (0.912611, 0.793686), (0.968836, 0.644241), (0.971075, 0.643451), (0.972884, 0.645596), (0.856251, 0.579581), (0.857855, 0.581014), (0.855416, 0.582438), (0.908402, 0.746908), (0.912807, 0.758792), (0.907455, 0.752593), (0.908697, 0.813738), (0.907353, 0.816399), (0.90803, 0.811879), (0.918252, 0.781795), (0.917624, 0.788771), (0.916433, 0.785252), (0.323365, 0.0829612), (0.330465, 0.0792905), (0.32527, 0.0865772), (0.90952, 0.815582), (0.907353, 0.816399), (0.908697, 0.813738), (0.87731, 0.711742), (0.878799, 0.714772), (0.875232, 0.7134), (0.971095, 0.569238), (0.97438, 0.564568), (0.973878, 0.570538), (0.141294, 0.154863), (0.134528, 0.154603), (0.142312, 0.153217), (0.142312, 0.153217), (0.134528, 0.154603), (0.139018, 0.151726), (0.857545, 0.583395), (0.855416, 0.582438), (0.857855, 0.581014), (0.971096, 0.733722), (0.971201, 0.725478), (0.973977, 0.732404), (0.850345, 0.643687), (0.857446, 0.652856), (0.849047, 0.649393), (0.226871, 0.105834), (0.226413, 0.109219), (0.223517, 0.105134), (0.856492, 0.564201), (0.855324, 0.566188), (0.855432, 0.561139), (0.859488, 0.614198), (0.861907, 0.620526), (0.859306, 0.618821), (0.224806, 0.0527124), (0.233422, 0.0523877), (0.228316, 0.0588577), (0.226413, 0.109219), (0.226871, 0.105834), (0.230288, 0.109086), (0.859488, 0.614198), (0.86293, 0.618632), (0.861907, 0.620526), (0.891647, 0.730124), (0.888612, 0.727576), (0.889664, 0.72653), (0.860476, 0.655423), (0.861818, 0.654525), (0.860133, 0.657489), (0.326461, 0.0906008), (0.324661, 0.0923317), (0.320014, 0.0952344), (0.971095, 0.569238), (0.970168, 0.567272), (0.97438, 0.564568), (0.857855, 0.581014), (0.860678, 0.584116), (0.857545, 0.583395), (0.959958, 0.806087), (0.957564, 0.813628), (0.956642, 0.810772), (0.857446, 0.652856), (0.856758, 0.6551), (0.853022, 0.654815), (0.962827, 0.86015), (0.963548, 0.866708), (0.961951, 0.866417), (0.914663, 0.797219), (0.912112, 0.796051), (0.915694, 0.794151), (0.902317, 0.754067), (0.907455, 0.752593), (0.906036, 0.756551), (0.919641, 0.81351), (0.921754, 0.814959), (0.919853, 0.816647), (0.864601, 0.657055), (0.861818, 0.654525), (0.864211, 0.65459), (0.889569, 0.721702), (0.890751, 0.723969), (0.889664, 0.72653), (0.907455, 0.752593), (0.90938, 0.757901), (0.906036, 0.756551), (0.884792, 0.688966), (0.886694, 0.692172), (0.886849, 0.695554), (0.889664, 0.72653), (0.890751, 0.723969), (0.891647, 0.730124), (0.862595, 0.657414), (0.860133, 0.657489), (0.861818, 0.654525), (0.891647, 0.730124), (0.890751, 0.723969), (0.892242, 0.728589), (0.863105, 0.588743), (0.86085, 0.592802), (0.861548, 0.588678), (0.916178, 0.779615), (0.914879, 0.773038), (0.918252, 0.781795), (0.831236, 0.570529), (0.826901, 0.571917), (0.828788, 0.566546), (0.919182, 0.824604), (0.919469, 0.822285), (0.920938, 0.824134), (0.833984, 0.536931), (0.836294, 0.536728), (0.8354, 0.538852), (0.968836, 0.644241), (0.972218, 0.650911), (0.969373, 0.650509), (0.961581, 0.774024), (0.958725, 0.772415), (0.960535, 0.771956), (0.970881, 0.571354), (0.971095, 0.569238), (0.973878, 0.570538), (0.870359, 0.669618), (0.874235, 0.66852), (0.872741, 0.670484), (0.892242, 0.728589), (0.890751, 0.723969), (0.893427, 0.729742), (0.836851, 0.621599), (0.840242, 0.623051), (0.840851, 0.628966), (0.829714, 0.56186), (0.825924, 0.563355), (0.828511, 0.559684), (0.919641, 0.81351), (0.919359, 0.811255), (0.921754, 0.814959), (0.973878, 0.570538), (0.971006, 0.575961), (0.970881, 0.571354), (0.830812, 0.537836), (0.833984, 0.536931), (0.832586, 0.542326), (0.907199, 0.771609), (0.904908, 0.763223), (0.907758, 0.768313), (0.964122, 0.78194), (0.961641, 0.782406), (0.964311, 0.780059), (0.907199, 0.771609), (0.904266, 0.765487), (0.904908, 0.763223), (0.871978, 0.694111), (0.871943, 0.698238), (0.87078, 0.695453), (0.974383, 0.680047), (0.980164, 0.679379), (0.97743, 0.685677), (0.853303, 0.577257), (0.855455, 0.57662), (0.856251, 0.579581), (0.317318, 0.0867463), (0.32527, 0.0865772), (0.315526, 0.0922496), (0.853303, 0.577257), (0.856251, 0.579581), (0.855416, 0.582438), (0.914663, 0.797219), (0.916319, 0.797052), (0.916767, 0.80079), (0.317318, 0.0867463), (0.323365, 0.0829612), (0.32527, 0.0865772), (0.91857, 0.842292), (0.919943, 0.840045), (0.920542, 0.844491), (0.854209, 0.601595), (0.855676, 0.597858), (0.856391, 0.601248), (0.309798, 0.0904656), (0.317318, 0.0867463), (0.315526, 0.0922496), (0.961581, 0.774024), (0.960535, 0.771956), (0.96291, 0.77206), (0.920542, 0.844491), (0.920413, 0.846998), (0.91857, 0.842292), (0.833984, 0.536931), (0.8354, 0.538852), (0.832586, 0.542326), (0.863971, 0.579973), (0.865429, 0.582144), (0.865183, 0.584245), (0.863105, 0.588743), (0.865183, 0.584245), (0.86594, 0.588988), (0.844943, 0.541864), (0.841731, 0.542982), (0.843373, 0.537873), (0.971096, 0.733722), (0.974567, 0.740792), (0.971514, 0.745605), (0.961372, 0.77777), (0.959946, 0.777209), (0.961581, 0.774024), (0.87434, 0.699277), (0.871943, 0.698238), (0.875967, 0.696458), (0.871978, 0.694111), (0.875967, 0.696458), (0.871943, 0.698238), (0.919916, 0.827166), (0.919182, 0.824604), (0.920938, 0.824134), (0.962606, 0.777271), (0.96612, 0.776659), (0.964311, 0.780059), (0.892808, 0.733531), (0.893762, 0.736622), (0.892166, 0.736198), (0.866209, 0.620006), (0.86293, 0.618632), (0.864707, 0.616987), (0.869048, 0.688524), (0.865684, 0.693374), (0.86616, 0.686651), (0.916319, 0.797052), (0.914663, 0.797219), (0.915694, 0.794151), (0.957564, 0.813628), (0.959958, 0.806087), (0.962394, 0.812854), (0.855751, 0.568888), (0.860163, 0.565653), (0.859022, 0.568731), (0.90434, 0.759025), (0.906036, 0.756551), (0.908908, 0.763354), (0.911844, 0.809503), (0.910087, 0.807125), (0.912116, 0.806634), (0.978827, 0.58009), (0.970793, 0.579092), (0.971006, 0.575961), (0.973945, 0.748107), (0.972175, 0.749024), (0.96714, 0.747735), (0.144695, 0.159621), (0.151977, 0.158362), (0.14949, 0.160957), (0.829714, 0.56186), (0.828511, 0.559684), (0.831578, 0.56074), (0.972221, 0.654978), (0.969373, 0.650509), (0.972218, 0.650911), (0.84334, 0.551474), (0.843784, 0.556112), (0.839688, 0.552401), (0.233688, 0.113749), (0.226413, 0.109219), (0.230288, 0.109086), (0.893188, 0.784503), (0.889839, 0.777945), (0.894367, 0.777856), (0.838196, 0.550493), (0.839688, 0.552401), (0.834887, 0.552333), (0.904886, 0.802629), (0.905767, 0.804696), (0.904929, 0.80389), (0.880963, 0.725955), (0.877839, 0.723658), (0.880042, 0.719758), (0.922109, 0.850794), (0.921771, 0.852733), (0.920413, 0.846998), (0.885251, 0.753042), (0.883045, 0.754757), (0.882444, 0.75129), (0.854283, 0.668616), (0.851676, 0.671174), (0.851854, 0.666818), (0.896464, 0.782557), (0.894231, 0.780723), (0.89563, 0.779024), (0.123048, 0.145783), (0.11952, 0.138616), (0.126551, 0.144983), (0.969373, 0.650509), (0.972221, 0.654978), (0.970419, 0.660868), (0.123048, 0.145783), (0.126162, 0.148536), (0.123094, 0.151752), (0.905414, 0.772424), (0.903897, 0.767865), (0.907199, 0.771609), (0.84556, 0.554368), (0.850165, 0.55331), (0.847107, 0.555892), (0.854651, 0.665659), (0.848068, 0.663526), (0.851154, 0.662254), (0.885251, 0.753042), (0.884069, 0.757141), (0.883045, 0.754757), (0.906707, 0.810165), (0.910087, 0.807125), (0.90803, 0.811879), (0.885251, 0.753042), (0.886271, 0.760285), (0.884069, 0.757141), (0.828788, 0.566546), (0.831446, 0.5666), (0.831236, 0.570529), (0.861567, 0.665321), (0.859143, 0.663668), (0.861776, 0.662813), (0.832586, 0.542326), (0.838463, 0.541194), (0.838457, 0.545956), (0.126678, 0.140773), (0.126551, 0.144983), (0.11952, 0.138616), (0.86101, 0.603213), (0.857929, 0.607328), (0.856391, 0.601248), (0.893188, 0.784503), (0.894367, 0.777856), (0.894231, 0.780723), (0.910087, 0.807125), (0.910457, 0.812819), (0.90803, 0.811879), (0.856819, 0.605902), (0.856391, 0.601248), (0.857929, 0.607328), (0.861567, 0.665321), (0.861776, 0.662813), (0.86245, 0.664028), (0.1292, 0.142539), (0.126551, 0.144983), (0.126678, 0.140773), (0.923849, 0.854851), (0.921771, 0.852733), (0.922109, 0.850794), (0.910675, 0.826324), (0.911411, 0.828016), (0.911015, 0.82931), (0.21637, 0.0973835), (0.220623, 0.101104), (0.217176, 0.102078), (0.859143, 0.663668), (0.859558, 0.662136), (0.861776, 0.662813), (0.831578, 0.56074), (0.831446, 0.5666), (0.829714, 0.56186), (0.889534, 0.759565), (0.886271, 0.760285), (0.885251, 0.753042), (0.91205, 0.831492), (0.911015, 0.82931), (0.911411, 0.828016), (0.908518, 0.771305), (0.907199, 0.771609), (0.907758, 0.768313), (0.9666, 0.782147), (0.963908, 0.784206), (0.964122, 0.78194), (0.906419, 0.74916), (0.903853, 0.745887), (0.908402, 0.746908), (0.914803, 0.831674), (0.914815, 0.834586), (0.912455, 0.828972), (0.910457, 0.812819), (0.912152, 0.813972), (0.90952, 0.815582), (0.130347, 0.140799), (0.1292, 0.142539), (0.126678, 0.140773), (0.868959, 0.65059), (0.869541, 0.643132), (0.874145, 0.647172), (0.9666, 0.782147), (0.963413, 0.786314), (0.963908, 0.784206), (0.123048, 0.145783), (0.126551, 0.144983), (0.126162, 0.148536), (0.966939, 0.650451), (0.968836, 0.644241), (0.969373, 0.650509), (0.958148, 0.787205), (0.959791, 0.782427), (0.961525, 0.785518), (0.899701, 0.766227), (0.897969, 0.768237), (0.897504, 0.764498), (0.961525, 0.785518), (0.960659, 0.789504), (0.958148, 0.787205), (0.862841, 0.600747), (0.860805, 0.597851), (0.863347, 0.597045), (0.973262, 0.750822), (0.973807, 0.753666), (0.969672, 0.75338), (0.962394, 0.812854), (0.960667, 0.816229), (0.957564, 0.813628), (0.899731, 0.770621), (0.897969, 0.768237), (0.901134, 0.768642), (0.858594, 0.612202), (0.856025, 0.610852), (0.857929, 0.607328), (0.90679, 0.822995), (0.904273, 0.818493), (0.906423, 0.821236), (0.125877, 0.155336), (0.119385, 0.155407), (0.123094, 0.151752), (0.907455, 0.752593), (0.906419, 0.74916), (0.908402, 0.746908), (0.125877, 0.155336), (0.123094, 0.151752), (0.126973, 0.153277), (0.832349, 0.584098), (0.824322, 0.581281), (0.826901, 0.571917), (0.907376, 0.774648), (0.907199, 0.771609), (0.908518, 0.771305), (0.125877, 0.155336), (0.123512, 0.157547), (0.119385, 0.155407), (0.88904, 0.752468), (0.885251, 0.753042), (0.884422, 0.750081), (0.123094, 0.151752), (0.126162, 0.148536), (0.126973, 0.153277), (0.88904, 0.752468), (0.889534, 0.759565), (0.885251, 0.753042), (0.873752, 0.65449), (0.868959, 0.65059), (0.872817, 0.650206), (0.868959, 0.65059), (0.874145, 0.647172), (0.872817, 0.650206), (0.910087, 0.807125), (0.911844, 0.809503), (0.912137, 0.812853), (0.910087, 0.807125), (0.912137, 0.812853), (0.910457, 0.812819), (0.907376, 0.774648), (0.905414, 0.772424), (0.907199, 0.771609), (0.907455, 0.752593), (0.903853, 0.745887), (0.906419, 0.74916), (0.854651, 0.665659), (0.851154, 0.662254), (0.855945, 0.664376), (0.851154, 0.662254), (0.855003, 0.661276), (0.855945, 0.664376), (0.126937, 0.157323), (0.123512, 0.157547), (0.125877, 0.155336), (0.907575, 0.776818), (0.905414, 0.772424), (0.907376, 0.774648), (0.872817, 0.650206), (0.874993, 0.653281), (0.873752, 0.65449), (0.860805, 0.597851), (0.862841, 0.600747), (0.856391, 0.601248), (0.855501, 0.60746), (0.854251, 0.611069), (0.853747, 0.60875), (0.832349, 0.584098), (0.826901, 0.571917), (0.831236, 0.570529), (0.832349, 0.584098), (0.831236, 0.570529), (0.833659, 0.577681), (0.855501, 0.60746), (0.853747, 0.60875), (0.854384, 0.607334), (0.884123, 0.760737), (0.888726, 0.762095), (0.885099, 0.764325), (0.834713, 0.582272), (0.832349, 0.584098), (0.833659, 0.577681), (0.886135, 0.766145), (0.885099, 0.764325), (0.888092, 0.765858), (0.973807, 0.753666), (0.97173, 0.755022), (0.969672, 0.75338), (0.90718, 0.778053), (0.907575, 0.776818), (0.910427, 0.778432), (0.871989, 0.656693), (0.873752, 0.65449), (0.875831, 0.655507), (0.87434, 0.658937), (0.871989, 0.656693), (0.875831, 0.655507), (0.122394, 0.183633), (0.115255, 0.183571), (0.120968, 0.180889), (0.1292, 0.142539), (0.126162, 0.148536), (0.126551, 0.144983), (0.856819, 0.605902), (0.857929, 0.607328), (0.855501, 0.60746), (0.856025, 0.610852), (0.855501, 0.60746), (0.857929, 0.607328), (0.856391, 0.601248), (0.862841, 0.600747), (0.86101, 0.603213), (0.874993, 0.653281), (0.872817, 0.650206), (0.875725, 0.650348), (0.857929, 0.607328), (0.86101, 0.603213), (0.861319, 0.607938), (0.826175, 0.588676), (0.824399, 0.585075), (0.824322, 0.581281), (0.855156, 0.614155), (0.858594, 0.612202), (0.859488, 0.614198), (0.972305, 0.640665), (0.970975, 0.638565), (0.974719, 0.638756), (0.874993, 0.653281), (0.875831, 0.655507), (0.873752, 0.65449), (0.122394, 0.183633), (0.122968, 0.186977), (0.119992, 0.190129), (0.855156, 0.614155), (0.856025, 0.610852), (0.858594, 0.612202), (0.974719, 0.638756), (0.971075, 0.643451), (0.972305, 0.640665), (0.862841, 0.600747), (0.863509, 0.605887), (0.86101, 0.603213)] ( interpolation = "faceVarying" )
        uniform token subdivisionScheme = "none"
        uniform bool doubleSided = true
        rel material:binding = </pen/Looks/scan>
    }
    def Capsule "collision" (
        prepend apiSchemas = ["PhysicsCollisionAPI", "MaterialBindingAPI"]
    )
    {
        uniform token axis = "X"
        double radius = 0.00672099
        double height = 0.110709
        double3 xformOp:translate = (3.46944695e-18, 5.20417043e-18, 0.00672098782)
        uniform token[] xformOpOrder = ["xformOp:translate"]
        uniform token purpose = "guide"
        rel material:binding:physics = </pen/Looks/physics>
    }
}
